ID,Job,jobs2016,jobs2015,jobs2014,jobs2013,jobs2012,jobs2011,earnings2016,earnings2015,earnings2014,earnings2013,earnings2012,earnings2011
HD01_VD01,Total,106609098,104780810,102196022,99776510,98316240,95882175,45860,44819,43545,42498,42229,42008
HD01_VD48,Accountants and auditors,1628824,1590845,1562860,1651199,1702856,1659984,63740,61630,60970,61270,60780,60528
HD01_VD145,Actors,14423,13079,10606,12456,11818,9291,41201,50567,41569,40438,31017,53118
HD01_VD71,Actuaries,25197,22141,26071,23200,20135,21794,108576,102240,101355,112191,102338,101342
HD01_VD482,Adhesive bonding machine operators and tenders,6765,6852,7013,8680,7621,8217,26961,35479,35672,29066,28992,31182
HD01_VD08,Administrative services managers,136431,135020,122275,109703,109139,101624,64208,61901,64620,62187,61636,62166
HD01_VD05,Advertising and promotions managers,42996,42778,44209,43015,45922,46802,67082,61440,61097,61371,61250,60310
HD01_VD267,Advertising sales agents,148263,131025,139398,155726,156714,156466,61018,60371,55768,51283,56207,51176
HD01_VD78,Aerospace engineers,114956,104657,108106,117942,129475,122600,102350,101228,100551,100701,96815,98133
HD01_VD32,"Agents and business managers of artists, performers, and athletes",33337,28197,27459,28413,28632,26747,51728,55086,54283,51244,50573,46640
HD01_VD112,Agricultural and food science technicians,27668,30579,30884,24559,25512,25639,45039,46084,45171,42576,40429,40967
HD01_VD97,Agricultural and food scientists,21091,17366,17148,22154,23974,22664,70220,61150,63076,60826,55972,59978
HD01_VD79,Agricultural engineers,1976,3091,2275,2952,2685,2560,82707,78423,77830,70585,70492,70565
HD01_VD332,Agricultural inspectors,12725,11709,10560,12458,14533,14385,49889,45894,50215,45328,50041,48374
HD01_VD493,Air traffic controllers and airfield operations specialists,29978,33438,32904,33382,35533,32579,90935,91165,89236,77014,90587,79220
HD01_VD387,Aircraft mechanics and service technicians,135682,138813,131138,141341,160670,142772,61530,57438,60063,55948,55153,54866
HD01_VD492,Aircraft pilots and flight engineers,102512,96406,86766,88969,90687,84235,102155,100744,99152,100595,100158,92578
HD01_VD414,"Aircraft structure, surfaces, rigging, and systems assemblers",5359,6647,5213,5202,6587,7982,46687,40702,41502,47268,40985,43554
HD01_VD495,"Ambulance drivers and attendants, except emergency medical technicians",10405,8277,10871,9147,8932,9452,28239,27459,23850,24285,29354,24178
HD01_VD333,Animal breeders,3290,4019,2494,2642,2356,2257,30110,31984,31763,29195,32248,34842
HD01_VD216,Animal control workers,9987,8176,8844,10552,8362,9624,33303,35318,33046,35527,35519,31848
HD01_VD243,Animal trainers,29055,25201,27257,27354,28367,24627,29978,29163,29592,27188,26960,26995
HD01_VD151,Announcers,26152,27522,23223,25670,27424,31238,45767,50378,45303,40913,50047,41696
HD01_VD49,Appraisers and assessors of real estate,73690,75621,69205,75414,73784,73146,60533,55113,52387,55227,50877,53345
HD01_VD76,"Architects, except naval",157568,147505,141773,145439,135123,132645,76154,76033,74630,71305,73912,70168
HD01_VD20,Architectural and engineering managers,144812,142692,139986,132575,136156,128711,130293,126098,124703,121336,121659,115927
HD01_VD138,"Archivists, curators, and museum technicians",36260,32237,30249,31925,31801,30487,48374,50931,49160,51704,49270,51105
HD01_VD143,Artists and related workers,121771,115100,114321,116825,108437,102385,45124,48915,46646,49197,47556,47220
HD01_VD102,Astronomers and physicists,9881,8276,8487,9359,9296,11245,93935,100407,100557,101983,100750,98374
HD01_VD147,"Athletes, coaches, umpires, and related workers",123505,109943,123608,114456,102274,106927,46393,45098,42873,43373,41844,43877
HD01_VD103,Atmospheric and space scientists,10037,8367,8973,10661,9218,9204,90434,82852,84118,69873,69695,70990
HD01_VD169,Audiologists,11195,12077,10476,10771,9174,10061,72760,73355,72709,76440,73414,75388
HD01_VD509,Automotive and watercraft service attendants,59150,53855,51714,67748,64116,64251,23322,22502,21903,22312,21737,21544
HD01_VD388,Automotive body and related repairers,119554,121541,120366,113922,121305,126702,40841,40400,38069,38943,37152,35876
HD01_VD389,Automotive glass installers and repairers,13994,15158,14403,14117,15946,14595,36565,40198,35875,36325,33763,35392
HD01_VD390,Automotive service technicians and mechanics,726437,704917,708988,681551,664005,659739,36634,36456,35783,35491,35624,35494
HD01_VD380,Avionics technicians,14223,17537,17128,17066,15241,15207,53595,54056,56452,51056,53401,51638
HD01_VD254,"Baggage porters, bellhops, and concierges",60412,58186,58485,59390,52006,51852,31604,31802,30649,31416,31066,31201
HD01_VD210,"Bailiffs, correctional officers, and jailers",375720,376460,396206,387955,389786,390151,44807,43558,43548,42043,41879,41574
HD01_VD419,Bakers,148282,139172,134823,131066,124161,121867,25848,24833,24716,23666,25037,23106
HD01_VD251,Barbers,68864,65578,69049,68648,67662,67906,25416,24353,25380,21874,24046,24310
HD01_VD226,Bartenders,226847,212346,206547,203401,187841,183245,29375,27471,26711,26403,25301,24552
HD01_VD283,Bill and account collectors,123438,132795,141345,142343,155232,168620,35448,35374,33001,33453,32586,32471
HD01_VD284,Billing and posting clerks,396298,387079,375964,386492,387454,365241,35026,34158,33078,32487,32248,31809
HD01_VD98,Biological scientists,65111,62763,57529,60924,65611,65795,61171,61141,62045,57426,56791,55812
HD01_VD113,Biological technicians,16216,17556,18297,13985,15198,16308,49041,50100,47322,45798,42510,47113
HD01_VD80,Biomedical engineers,12988,11102,12151,12371,14135,12556,82150,76167,85212,78629,84736,82500
HD01_VD340,Boilermakers,10997,13130,12626,9092,10032,15056,55239,57242,55449,55887,51855,49787
HD01_VD285,"Bookkeeping, accounting, and auditing clerks",829531,824256,821268,874662,891464,896679,39329,37498,37260,36798,36228,35971
HD01_VD341,"Brickmasons, blockmasons, and stonemasons",98752,87393,80656,77234,76797,64080,33569,36511,33296,31967,34092,32708
HD01_VD507,Bridge and lock tenders,3937,4370,2746,3240,3291,3196,52388,52147,50870,45080,52337,51013
HD01_VD291,Brokerage clerks,5600,5325,6566,5857,6749,7565,47489,46724,44597,46129,45624,43005
HD01_VD50,Budget analysts,42410,42992,42931,41799,41144,39936,71237,75207,73617,70429,69512,66028
HD01_VD391,Bus and truck mechanics and diesel engine specialists,274372,270500,244443,259470,266191,248562,45320,44669,44796,42775,41564,41787
HD01_VD496,Bus drivers,280228,288778,267775,275991,271162,261662,35222,32398,32414,32725,32245,31836
HD01_VD47,"Business operations specialists, all other",236553,240307,234988,211970,191149,188173,61811,61388,57650,56945,55816,52494
HD01_VD420,"Butchers and other meat, poultry, and fish processing workers",202694,207420,190986,203134,208924,204008,29474,28372,28251,26999,26828,27048
HD01_VD33,"Buyers and purchasing agents, farm products",7795,8890,7705,7184,7584,10695,66349,50504,44818,51036,47481,56809
HD01_VD461,Cabinetmakers and bench carpenters,44283,39703,43107,38783,39514,36178,35113,32256,31453,31379,32150,30813
HD01_VD308,Cargo and freight agents,18080,17014,15275,16189,15611,14689,39230,37286,40517,42040,38143,43597
HD01_VD342,Carpenters,863456,815108,785306,677720,662186,641794,36344,35859,34967,34496,34204,33782
HD01_VD343,"Carpet, floor, and tile installers and finishers",115722,102910,101337,94438,86189,80518,34531,31201,31696,31025,30363,28023
HD01_VD263,Cashiers,1019364,1005103,964264,1042284,1081936,1059014,21000,20671,20251,20562,20217,20204
HD01_VD344,"Cement masons, concrete finishers, and terrazzo workers",37336,34416,35697,37067,29508,29012,37227,33736,32090,35716,32148,31075
HD01_VD222,Chefs and head cooks,346683,328344,317690,303612,280455,265603,31461,30443,30912,30267,29560,30590
HD01_VD81,Chemical engineers,57812,56266,50207,53119,52413,48363,100425,100960,98259,100231,91154,94446
HD01_VD470,"Chemical processing machine setters, operators, and tenders",48578,48836,49740,49659,49991,40541,51853,50240,51330,50608,50175,53769
HD01_VD114,Chemical technicians,56741,59673,59973,51689,61737,58824,52188,52119,51100,50982,50132,50274
HD01_VD104,Chemists and materials scientists,77023,74050,75390,71161,73652,73137,70594,67342,68111,69780,68827,66667
HD01_VD02,Chief executives,1068258,1040875,1013853,1024259,937218,912102,130266,126200,122136,120254,120139,110242
HD01_VD256,Childcare workers,551286,542799,538900,536474,536255,546758,21395,21100,20642,20056,19289,19098
HD01_VD161,Chiropractors,40960,35155,39109,34499,37019,37174,80466,76291,71112,70513,65601,62396
HD01_VD82,Civil engineers,311007,276172,263869,257802,258367,254977,86606,82611,81639,81233,81673,80983
HD01_VD36,"Claims adjusters, appraisers, examiners, and investigators",271129,264364,267839,257730,255186,253389,52582,51638,51001,51134,50706,50038
HD01_VD518,Cleaners of vehicles and equipment,225496,224675,217057,197864,199448,185732,25839,24242,24655,23751,23313,23082
HD01_VD483,"Cleaning, washing, and metal pickling equipment operators and tenders",3785,4471,5395,6098,4977,5798,31971,22363,30043,31567,29310,23810
HD01_VD124,Clergy,347581,329537,334788,339774,322726,333174,45502,44518,43671,44422,41887,41919
HD01_VD183,Clinical laboratory technologists and technicians,245278,246437,240655,245751,262125,262118,48170,47531,46116,45326,46202,44180
HD01_VD405,"Coin, vending, and amusement machine servicers and repairers",26515,24663,26705,26854,31732,31226,36449,36519,35071,35333,33123,34274
HD01_VD227,"Combined food preparation and serving workers, including fast food",141425,134080,127802,114984,126055,121983,20518,20333,19301,19623,18602,17813
HD01_VD406,Commercial divers,4002,3656,1751,2277,2781,1762,37395,42491,35756,50511,50398,59176
HD01_VD282,"Communications equipment operators, all other",6802,6186,8194,6543,5554,7927,43269,50186,50845,46847,39375,38666
HD01_VD11,Compensation and benefits managers,17074,18273,13138,14656,13616,12656,71605,77079,80417,71927,69247,74862
HD01_VD40,"Compensation, benefits, and job analysis specialists",47978,49272,42428,53127,50190,55240,54108,50547,50075,50968,50879,51466
HD01_VD37,Compliance officers,226344,203916,188361,193020,173104,186614,69262,65541,65105,62311,62255,61975
HD01_VD60,Computer and information research scientists,16406,16892,13529,12993,12069,13171,101205,80981,102201,95918,84284,96140
HD01_VD09,Computer and information systems managers,564747,550033,501450,489048,486503,478816,103513,101338,100247,99167,96158,94327
HD01_VD425,Computer control programmers and operators,84907,84644,73475,72368,70745,60015,44235,42704,44477,41755,41047,42272
HD01_VD83,Computer hardware engineers,48767,47062,48738,51453,54108,54692,93870,95440,92845,91967,91616,84481
HD01_VD69,Computer network architects,92872,103813,97510,91709,92702,87369,98374,95506,92623,96372,90886,91112
HD01_VD70,"Computer occupations, all other",569272,502477,476615,354952,308702,310873,70492,69200,68159,66550,62965,64775
HD01_VD320,Computer operators,75141,69473,64280,78265,85509,99475,42199,43932,41218,42028,42299,41240
HD01_VD63,Computer programmers,370512,381192,374346,374314,400585,385867,85795,83138,81928,80512,79869,77196
HD01_VD66,Computer support specialists,553718,528080,470915,458736,449413,429700,58027,56777,52551,52063,54970,53562
HD01_VD61,Computer systems analysts,448325,426775,473960,441538,422065,400787,80219,77420,76506,75886,75683,76004
HD01_VD378,"Computer, automated teller, and office machine repairers",145593,158624,155340,176644,201758,200084,43661,42617,42483,42430,43165,42943
HD01_VD99,Conservation scientists and foresters,18235,17087,15754,20271,21883,22118,60447,52470,56746,56075,54871,58395
HD01_VD361,Construction and building inspectors,74917,71140,67847,67510,66990,69378,56109,52118,51884,52318,52045,50917
HD01_VD345,Construction laborers,1180144,1171574,1113361,986693,918521,827756,32162,31609,31395,31027,31210,30771
HD01_VD18,Construction managers,573250,519273,491817,469706,510999,493869,71331,70871,70037,68101,66464,66169
HD01_VD395,Control and valve installers and repairers,16320,17079,15923,18621,18591,19169,52039,56570,53367,50254,49861,43479
HD01_VD513,Conveyor operators and tenders,4427,4294,4462,4831,3598,3978,36974,39835,37988,36041,41407,32300
HD01_VD224,Cooks,1201892,1182829,1158633,1111982,1122652,1069341,21756,21062,20695,20319,20098,19839
HD01_VD484,Cooling and freezing equipment operators and tenders,2374,2013,2034,2208,3279,2652,47469,34580,45539,35556,42283,33874
HD01_VD292,Correspondence clerks,3925,4705,4237,3933,4020,6504,48989,34330,35930,31789,34114,36527
HD01_VD38,Cost estimators,122804,117961,115808,105744,107791,95303,63106,62038,61037,57333,59137,61282
HD01_VD119,Counselors,536072,547839,499447,482328,483074,472277,45356,44100,43086,42349,41863,42008
HD01_VD264,Counter and rental clerks,52412,53595,47070,45567,48625,48892,31285,28417,28446,27373,29136,27700
HD01_VD228,"Counter attendants, cafeteria, food concession, and coffee shop",32438,35634,32166,30891,32050,35760,19179,18017,17266,17544,16286,16548
HD01_VD309,Couriers and messengers,141348,140185,146362,151599,144187,188429,37585,36487,39451,37808,36946,38788
HD01_VD293,"Court, municipal, and license clerks",62021,66156,59598,70610,65360,69945,38317,37256,36682,36977,37339,36887
HD01_VD514,Crane and tower operators,53751,53870,56717,52665,54050,50408,58290,60192,51753,51507,51481,50563
HD01_VD51,Credit analysts,26382,25831,26676,23011,24118,22786,53909,51742,51701,53869,51994,51626
HD01_VD294,"Credit authorizers, checkers, and clerks",30897,44112,38097,40119,34737,41234,41698,37200,37407,36579,37977,35753
HD01_VD56,Credit counselors and loan officers,292543,273231,270825,285649,284591,267088,59219,55986,55515,54535,52480,52048
HD01_VD219,Crossing guards,10864,11204,11937,8589,9335,10802,32538,32430,31936,31094,25632,32495
HD01_VD471,"Crushing, grinding, polishing, mixing, and blending workers",66068,76006,77424,70478,75023,70694,37087,36668,36940,36849,34294,35487
HD01_VD295,Customer service representatives,1782634,1718122,1669991,1589129,1563088,1491623,33442,32317,32332,31913,31824,31894
HD01_VD472,Cutting workers,51485,49997,47784,49849,44794,50482,30780,30116,28343,29415,27906,29555
HD01_VD429,"Cutting, punching, and press machine setters, operators, and tenders, metal and plastic",73711,75548,67361,75234,70926,73053,32249,33733,32109,31664,31491,31988
HD01_VD148,Dancers and choreographers,6556,7439,8058,5424,8609,4914,31342,39519,30666,31678,37178,24419
HD01_VD321,Data entry keyers,218791,229754,236645,235336,253191,253756,32441,32124,31421,31745,31446,31145
HD01_VD67,Database administrators,99602,98628,102296,101323,96211,89224,81082,76971,77455,75824,75673,74960
HD01_VD197,Dental assistants,167955,165817,160356,147438,143719,152314,31226,31502,31154,30308,30523,30525
HD01_VD184,Dental hygienists,71498,68943,62115,61825,60859,54540,56632,59700,57014,52043,54242,52567
HD01_VD162,Dentists,93294,95713,103211,97562,101614,99643,150132,150649,150041,141557,140543,144534
HD01_VD369,"Derrick, rotary drill, and service unit operators, oil, gas, and mining",15635,26818,30927,29652,28260,23964,70098,70632,66914,67369,60872,60919
HD01_VD144,Designers,628865,608355,574431,552419,534418,501591,51768,51545,50005,50461,49795,48687
HD01_VD323,Desktop publishers,1413,2316,1847,3241,3022,2061,38949,50667,50779,46502,46389,48200
HD01_VD211,Detectives and criminal investigators,112869,118191,122800,117375,119075,115400,76604,76843,74362,71169,70910,70042
HD01_VD185,Diagnostic related technologists and technicians,263276,259914,243730,237127,238743,227661,58828,56328,55288,55482,54792,55080
HD01_VD163,Dietitians and nutritionists,70729,61678,66139,61437,56425,55821,49841,50322,47909,47997,46872,50143
HD01_VD231,Dining room and cafeteria attendants and bartender helpers,91150,103325,106948,86785,92473,94822,21276,20922,20330,19562,19792,19351
HD01_VD125,"Directors, religious activities and education",45090,47490,45159,34970,32959,33044,44160,41935,41937,40736,41008,42215
HD01_VD232,Dishwashers,110513,106946,108067,102959,97644,100336,19808,18589,17764,17307,17462,17041
HD01_VD310,Dispatchers,246262,238287,244363,235227,238707,221588,38780,39323,37688,36730,37161,36919
HD01_VD277,"Door-to-door sales workers, news and street vendors, and related workers",49513,56544,54795,55838,57210,54247,30475,26639,27326,25624,26666,25974
HD01_VD94,Drafters,132332,124921,124795,124267,128117,130446,52899,51609,51324,51609,50810,50565
HD01_VD515,"Dredge, excavating, and loading machine operators",27092,27041,24385,26394,27161,28762,42058,40540,45314,41841,41547,40605
HD01_VD430,"Drilling and boring machine tool setters, operators, and tenders, metal and plastic",4257,1355,4392,4002,4039,3858,40872,38397,37299,35366,31501,27826
HD01_VD497,Driver/sales workers and truck drivers,2695081,2644153,2569929,2472147,2443322,2249122,42200,41834,40913,40588,40425,39329
HD01_VD348,"Drywall installers, ceiling tile installers, and tapers",97916,99710,94066,87974,64582,58994,31344,30805,28979,29120,27867,28245
HD01_VD370,"Earth drillers, except oil and gas",19354,20248,23041,22569,18834,22747,45658,51088,53328,52212,47466,48900
HD01_VD107,Economists,21747,22836,19978,20957,20591,23072,109562,103467,110548,105834,102395,102535
HD01_VD154,Editors,125387,126515,121275,117721,117623,102538,55140,54548,53892,52746,51927,52262
HD01_VD19,Education administrators,747962,725830,722529,708239,685008,696078,70748,70002,68868,66889,66755,65416
HD01_VD381,"Electric motor, power tool, and related repairers",19319,20499,20957,21134,21283,22466,45532,43957,48968,50157,42378,42071
HD01_VD84,Electrical and electronics engineers,186214,190417,189028,180122,194563,196827,96538,92880,92224,91895,91260,89673
HD01_VD382,"Electrical and electronics installers and repairers, transportation equipment",1414,1418,972,1633,2030,3433,50787,31217,55676,50636,56207,53540
HD01_VD383,"Electrical and electronics repairers, industrial and utility",11642,11609,10327,10426,11040,13269,61825,72062,69019,65252,63011,62373
HD01_VD402,Electrical power-line installers and repairers,106191,109620,99261,99444,101212,100716,70012,72202,70579,70022,66429,64449
HD01_VD415,"Electrical, electronics, and electromechanical assemblers",105464,106600,105081,116834,113274,116195,31438,30522,29466,30144,29705,28031
HD01_VD349,Electricians,647922,639345,591640,583544,572720,503202,51278,50185,49809,49969,49226,48029
HD01_VD384,"Electronic equipment installers and repairers, motor vehicles",6365,10870,10304,8864,12598,14497,33643,48534,42208,40489,39291,42046
HD01_VD385,Electronic home entertainment equipment installers and repairers,30552,33359,31737,33927,36224,43093,41409,40129,40723,41295,37155,36503
HD01_VD134,Elementary and middle school teachers,2398445,2316620,2315762,2282888,2271307,2171211,50659,50192,49832,48874,49478,49325
HD01_VD362,Elevator installers and repairers,22574,21275,20992,20339,21407,22394,84181,82347,88901,85914,79619,80507
HD01_VD296,"Eligibility interviewers, government programs",73673,63758,65854,65971,63105,62214,41945,40640,41195,41398,41246,41588
HD01_VD249,Embalmers and funeral attendants,6580,7477,5333,6643,5548,7212,29048,37124,32270,26042,30935,30376
HD01_VD30,Emergency management directors,7304,6950,6951,6422,7020,8107,68834,61161,68901,73381,66224,72979
HD01_VD186,Emergency medical technicians and paramedics,167315,157142,161288,157684,143623,146793,42373,40915,42006,41670,41325,42401
HD01_VD416,Engine and other machine assemblers,11383,10601,11797,10950,11606,12125,45794,41498,43804,40939,41871,36696
HD01_VD95,"Engineering technicians, except drafters",319240,316833,344546,371566,345041,337710,55953,55024,52925,54623,53338,53796
HD01_VD93,"Engineers, all other",471817,474766,446166,439749,410551,385561,93058,92062,90963,90913,87513,86132
HD01_VD150,"Entertainers and performers, sports and related workers, all other",18325,17704,18169,14230,15112,18045,39303,40012,37299,40633,32827,41663
HD01_VD85,Environmental engineers,27552,25754,23435,25988,29975,24085,80421,80846,83190,77406,77115,76398
HD01_VD105,Environmental scientists and geoscientists,63449,58056,61131,65341,62397,60901,72831,77010,74949,71065,71224,70898
HD01_VD485,Etchers and engravers,8059,7020,6350,6620,5757,7755,32736,30770,32366,31708,28956,28601
HD01_VD371,"Explosives workers, ordnance handling experts, and blasters",9819,7931,7651,10755,8134,8897,54454,50965,56525,49568,56689,54102
HD01_VD426,"Extruding and drawing machine setters, operators, and tenders, metal and plastic",12248,10559,10628,10880,10108,10605,36047,38439,36487,38438,35545,35512
HD01_VD473,"Extruding, forming, pressing, and compacting machine setters, operators, and tenders",23961,22120,25281,21803,24023,27395,36321,32536,35956,34475,34080,33249
HD01_VD458,Fabric and apparel patternmakers,2114,1816,2304,2639,1906,4297,61630,58625,51661,52694,55842,54714
HD01_VD17,"Farmers, ranchers, and other agricultural managers",451680,478065,476355,499775,499022,483188,41404,41566,41416,40638,39443,36452
HD01_VD363,Fence erectors,22014,18028,17946,17578,15668,18005,30844,28857,30148,30664,29816,28607
HD01_VD297,File clerks,137412,148742,164174,189148,204351,200724,34159,32320,31981,32442,32110,32247
HD01_VD52,Financial analysts,194932,191432,180971,65367,56911,65097,82415,80779,78843,84140,87396,83453
HD01_VD290,"Financial clerks, all other",102650,105595,94393,95267,81226,73976,55627,50192,46241,50176,44735,43138
HD01_VD55,Financial examiners,14812,11144,11708,10413,13139,13741,79594,79197,80648,71779,74450,67058
HD01_VD10,Financial managers,1067163,1075868,1015563,990611,976247,964121,76178,75203,72464,70456,67791,66634
HD01_VD59,"Financial specialists, all other",47467,49449,54692,58785,58997,64578,61271,64187,61982,61323,55419,52363
HD01_VD209,Fire inspectors,19259,17545,15969,16734,17512,15949,60006,55762,56286,56114,55073,53825
HD01_VD208,Firefighters,265198,254678,278058,256196,262997,259942,67598,65336,65037,62189,62369,62342
HD01_VD339,First-line supervisors of construction trades and extraction workers,670638,648913,608875,601644,636680,616433,59536,57174,57855,55843,54380,53592
HD01_VD204,First-line supervisors of correctional officers,55565,55327,54772,49105,53229,57591,51570,53522,51123,49986,51347,52216
HD01_VD331,"First-line supervisors of farming, fishing, and forestry workers",50964,50333,44409,50720,50124,46075,41273,40351,40046,38025,36820,39633
HD01_VD206,First-line supervisors of fire fighting and prevention workers,44941,44798,39947,47968,40054,48027,90571,86453,84250,86462,81972,79746
HD01_VD223,First-line supervisors of food preparation and serving workers,409285,375654,361486,374711,368174,382065,25713,25510,24662,24828,24151,24490
HD01_VD241,First-line supervisors of gaming workers,18772,19441,18128,58437,56658,58611,45671,43523,44452,41245,40916,40355
HD01_VD235,First-line supervisors of housekeeping and janitorial workers,173482,182574,175328,182546,184914,197332,36399,34676,36071,35629,36030,34569
HD01_VD236,"First-line supervisors of landscaping, lawn service, and groundskeeping workers",128673,122309,113497,112776,116380,130253,40635,39862,40065,38990,36989,37243
HD01_VD377,"First-line supervisors of mechanics, installers, and repairers",245683,251388,247081,243639,251201,248573,60447,58657,56080,56777,55813,55252
HD01_VD262,First-line supervisors of non-retail sales workers,1074798,1083898,1073544,1030338,961185,974635,65016,62028,61010,60403,57612,56696
HD01_VD279,First-line supervisors of office and administrative support workers,1187429,1172641,1146803,1126495,1160309,1167639,50070,47727,47166,46725,46320,45708
HD01_VD242,First-line supervisors of personal service workers,74093,68182,60234,98491,98234,132251,32240,31871,32818,33932,33957,32140
HD01_VD205,First-line supervisors of police and detectives,100335,94175,99163,102581,87016,109832,79259,80336,76115,73155,77269,74575
HD01_VD413,First-line supervisors of production and operating workers,836803,817787,816079,802370,795984,769815,52520,52183,51771,51796,51105,51250
HD01_VD207,"First-line supervisors of protective service workers, all other",66575,64548,67352,73041,74823,76921,49305,49384,50683,47876,44088,46101
HD01_VD261,First-line supervisors of retail sales workers,2677578,2584676,2548184,2563806,2525343,2441074,40573,39844,38807,38265,38893,38262
HD01_VD212,Fish and game wardens,4716,4175,5090,3308,4456,3088,52265,50041,50428,44924,48065,48279
HD01_VD336,Fishing and hunting workers,21825,18994,19945,21018,18257,22663,31986,37740,31952,33226,31395,35891
HD01_VD494,Flight attendants,53686,50153,50986,43455,46857,48774,48586,47492,44303,42687,41748,41004
HD01_VD421,"Food and tobacco roasting, baking, and drying machine operators and tenders",8787,8298,5615,7085,9072,7529,29654,30587,31989,32919,29022,28456
HD01_VD422,Food batchmakers,63244,64716,54655,56485,57507,59159,27101,27198,27119,27131,26743,25051
HD01_VD423,Food cooking machine operators and tenders,6230,5350,6032,5670,7122,7967,26528,26943,29500,27563,32346,27649
HD01_VD234,"Food preparation and serving related workers, all other",4658,6180,6621,3940,3410,2950,20199,20259,18287,18510,21897,21048
HD01_VD225,Food preparation workers,347692,351007,312134,302338,290644,287727,20506,20038,19113,19063,18586,18314
HD01_VD424,"Food processing workers, all other",113094,107115,103888,95533,92040,94611,31967,31329,30222,31292,30621,31400
HD01_VD230,"Food servers, nonrestaurant",76030,79506,82495,69554,61929,81656,24489,23071,23645,23025,22353,21359
HD01_VD21,Food service managers,792807,799339,775402,740359,743178,734730,38380,36830,36471,36586,36021,35935
HD01_VD337,Forest and conservation workers,9824,8844,9445,9161,8246,9394,36088,37657,32067,31045,31681,36444
HD01_VD427,"Forging machine setters, operators, and tenders, metal and plastic",6023,7310,6713,6847,7642,6590,45387,38750,40213,40969,40069,40093
HD01_VD45,Fundraisers,68581,69606,70528,63985,67564,63647,66048,60257,60078,60802,60318,58739
HD01_VD22,Funeral service managers,5733,6678,5982,5439,6089,7003,60848,58968,62196,70805,54839,71481
HD01_VD474,"Furnace, kiln, oven, drier, and kettle operators and tenders",10409,12433,10960,11333,8324,8800,42352,39520,46312,35408,41169,45816
HD01_VD462,Furniture finishers,7973,10789,9708,7639,10239,10375,31457,28713,28150,30211,28893,29962
HD01_VD286,Gaming cage workers,7661,6141,6326,6046,6719,8537,29747,26255,27460,23656,28304,25766
HD01_VD23,Gaming managers,15477,15573,14326,17294,14012,15021,55674,51822,53478,51221,48247,46045
HD01_VD245,Gaming services workers,61881,66483,66084,64709,64227,65417,39726,40077,38759,36477,35938,35779
HD01_VD03,General and operations managers,834005,820262,761445,977284,905340,866286,70686,69820,67100,73557,72439,72059
HD01_VD115,Geological and petroleum technicians,12268,16682,11704,16156,12223,13671,71250,73543,61113,61110,65939,63059
HD01_VD350,Glaziers,37172,32153,33384,30821,28131,26981,40202,39607,36785,35703,36594,37440
HD01_VD334,"Graders and sorters, agricultural products",32820,33127,34810,32773,34076,32455,21235,21434,20512,20420,20428,20078
HD01_VD431,"Grinding, lapping, polishing, and buffing machine tool setters, operators, and tenders, metal and plastic",38492,42811,40553,38305,40157,37542,32512,33574,35032,31843,33420,32394
HD01_VD240,Grounds maintenance workers,802064,748403,747493,728064,692884,654854,25708,25090,24570,23545,23510,23112
HD01_VD252,"Hairdressers, hairstylists, and cosmetologists",447533,433958,425183,434564,419652,386503,26146,25292,24776,24855,23141,23451
HD01_VD364,Hazardous materials removal workers,23647,24600,23523,23261,22153,23184,36733,38706,42087,39516,40220,42915
HD01_VD182,"Health diagnosing and treating practitioners, all other",13264,13144,12639,10251,10049,9374,55718,53226,45654,48175,44851,51340
HD01_VD187,Health practitioner support technologists and technicians,440607,429026,431165,350939,350257,351560,32466,31830,34036,31788,31378,30956
HD01_VD203,"Healthcare support workers, all other, including medical equipment preparers",104670,98693,88357,94391,87383,88404,30124,30366,28572,28604,28783,27765
HD01_VD441,"Heat treating equipment setters, operators, and tenders, metal and plastic",6474,5102,6883,6459,5978,7281,44329,46967,39515,40726,41205,39836
HD01_VD396,"Heating, air conditioning, and refrigeration mechanics and installers",328423,313922,285439,279902,274784,265778,45440,43178,43023,41810,41990,41970
HD01_VD392,Heavy vehicle and mobile equipment service technicians and mechanics,185817,178864,179975,178705,180231,171515,51142,51251,50234,50242,47374,46770
HD01_VD375,Helpers--extraction workers,1490,1694,4323,3690,4702,3208,55011,40138,36244,50147,38180,49787
HD01_VD411,"Helpers--installation, maintenance, and repair workers",12046,16410,15393,14156,11714,9469,31302,26547,27725,27385,25515,23698
HD01_VD489,Helpers--production workers,23695,28476,28067,25685,27421,28019,28256,27299,27463,26744,27042,26894
HD01_VD360,"Helpers, construction trades",26342,30324,28502,23274,25441,29416,26554,27034,26805,27555,25870,27882
HD01_VD365,Highway maintenance workers,84345,91845,83359,80392,81796,89248,39354,40128,38267,37416,36358,36989
HD01_VD516,Hoist and winch operators,5934,6082,5627,6973,6604,5479,50089,47994,39610,41722,48264,37133
HD01_VD397,Home appliance repairers,29270,30355,27045,29444,28874,28966,38745,41352,35922,37293,39523,37200
HD01_VD233,"Hosts and hostesses, restaurant, lounge, and coffee shop",46117,44521,40718,42666,40436,38217,19751,19298,18456,18040,17992,19652
HD01_VD298,"Hotel, motel, and resort desk clerks",85672,76390,75704,76241,73667,74822,22230,22015,21651,21564,21884,21923
HD01_VD304,"Human resources assistants, except payroll and timekeeping",41036,35349,48476,54580,56601,32534,39336,39349,38134,40081,38941,36623
HD01_VD12,Human resources managers,369518,346818,332171,307004,299871,290931,72008,71789,70814,67669,67033,67800
HD01_VD39,Human resources workers,678049,622517,625092,571108,533278,527711,57369,55712,54089,54989,54803,53078
HD01_VD398,Industrial and refractory machinery mechanics,350416,359501,320231,332142,344690,323928,51050,50598,49975,50350,48803,47156
HD01_VD86,"Industrial engineers, including health and safety",183615,179731,160051,172367,150747,152886,79761,76826,78029,75131,76067,74570
HD01_VD14,Industrial production managers,220263,224674,222929,218198,196606,197564,76077,73812,74546,72414,72312,70769
HD01_VD517,Industrial truck and tractor operators,501490,485176,446646,428059,408342,393061,32303,31800,31579,31000,31161,30602
HD01_VD307,"Information and record clerks, all other",78023,63591,73262,85226,85640,75211,37235,38533,36034,36818,36625,36248
HD01_VD62,Information security analysts,74659,62969,53003,50853,53021,44775,91119,87209,86632,84140,85708,81162
HD01_VD475,"Inspectors, testers, sorters, samplers, and weighers",666282,643756,651046,623203,619090,570089,41029,41090,40334,38673,38977,37856
HD01_VD351,Insulation workers,39022,31136,36601,34531,31738,30707,36329,37979,37270,36618,36501,36544
HD01_VD324,Insurance claims and policy processing clerks,325075,317490,298694,289881,280089,240499,37301,36838,36111,36090,36313,34444
HD01_VD268,Insurance sales agents,442385,443784,435197,429706,424842,442158,51364,50612,50441,50238,50034,49954
HD01_VD54,Insurance underwriters,98194,100406,99576,94336,94950,96615,61197,61257,59253,58402,56468,56473
HD01_VD299,"Interviewers, except eligibility and loan",85914,83520,84111,84440,82259,87989,31905,31550,32072,31180,30872,30778
HD01_VD237,Janitors and building cleaners,1553626,1480257,1532714,1519858,1493669,1470662,27742,27319,26883,26845,26421,26361
HD01_VD476,Jewelers and precious stone and metal workers,25368,27793,27267,26929,27024,23284,32523,32094,31904,33334,31948,31251
HD01_VD129,"Judges, magistrates, and other judicial workers",58544,53899,54753,55881,58341,56803,102861,101014,96222,100619,98724,102385
HD01_VD128,Judicial law clerks,10323,12429,11531,11115,11761,13890,55882,55499,61117,55545,65611,71119
HD01_VD519,"Laborers and freight, stock, and material movers, hand",1340831,1331155,1333857,1211599,1175741,1142248,30729,30536,30256,29722,29031,29229
HD01_VD432,"Lathe and turning machine tool setters, operators, and tenders, metal and plastic",8021,7178,8993,8530,8409,8986,37408,37629,41151,37227,32915,35378
HD01_VD448,Laundry and dry-cleaning workers,116109,121900,123108,111926,122353,127809,22823,22331,21818,21137,21506,21556
HD01_VD127,Lawyers,891088,879090,861223,852860,841077,840813,122073,120930,120885,120617,119731,113537
HD01_VD442,"Layout workers, metal and plastic",5546,5753,7202,6077,7747,7270,51240,43294,41710,47903,45604,41662
HD01_VD04,Legislators,13966,11383,14365,14815,12832,13720,65592,61769,71632,67155,61084,53038
HD01_VD139,Librarians,115076,108825,114109,111952,112350,111448,51429,50871,49697,48892,49099,47766
HD01_VD300,"Library assistants, clerical",32411,33081,34487,33132,33047,33910,30777,29934,30596,28558,30206,28306
HD01_VD140,Library technicians,11386,16438,12623,16163,16624,17730,31228,36316,31038,31698,30251,31243
HD01_VD188,Licensed practical and licensed vocational nurses,602316,572705,588550,442709,462923,454645,38946,38441,37020,40031,39092,39106
HD01_VD101,"Life scientists, all other",4116,10172,5315,1043,652,316,65765,72742,76852,61321,60000,87813
HD01_VD221,"Lifeguards and other recreational, and all other protective service workers",24348,22488,25901,32041,27057,33314,30979,31749,30550,30781,31645,30327
HD01_VD301,Loan interviewers and clerks,111389,101161,99022,116281,97105,99700,41419,41230,41743,39905,38895,38102
HD01_VD407,Locksmiths and safe repairers,20462,20091,17618,17151,22282,20785,42329,40304,41155,37251,38001,41216
HD01_VD500,Locomotive engineers and operators,43277,41443,46130,43391,42929,44075,85678,88235,78092,77002,75080,72162
HD01_VD24,Lodging managers,107568,111620,99057,96419,96682,91959,45875,42869,43446,41824,42433,40816
HD01_VD338,Logging workers,42033,37999,42803,45150,40895,42904,32394,32026,31746,31072,30236,31131
HD01_VD42,Logisticians,117328,118827,100957,97563,86126,90369,52260,51414,51574,52109,53034,50615
HD01_VD520,Machine feeders and offbearers,15745,18459,16791,21230,20496,20354,29485,24902,26963,25667,27452,30157
HD01_VD434,Machinists,297165,306776,325737,330090,325833,311380,46666,45930,45348,45163,43598,43094
HD01_VD238,Maids and housekeeping cleaners,790133,764870,757647,737561,722626,699169,21476,20720,20477,20422,20381,19924
HD01_VD325,"Mail clerks and mail machine operators, except postal service",53499,52602,51096,54267,60425,66247,29624,30578,30003,29276,28765,28579
HD01_VD399,"Maintenance and repair workers, general",438171,433396,455450,449977,420798,428258,44573,42367,42330,41557,41055,41042
HD01_VD400,"Maintenance workers, machinery",26300,30046,25421,23855,27368,25587,48447,47933,46228,45714,45287,42437
HD01_VD43,Management analysts,630863,601323,587570,589692,558436,522824,83080,81491,80535,80220,79884,77702
HD01_VD31,"Managers, all other",3758629,3681343,3571939,3034121,2862997,2714481,78843,76680,75766,75912,75240,72384
HD01_VD408,Manufactured building and mobile home installers,2508,4114,4358,4001,3097,4504,41394,24181,27975,30669,25425,30252
HD01_VD87,Marine engineers and naval architects,10619,10832,11931,11147,12319,10244,90840,90353,79677,81250,81523,83104
HD01_VD46,Market research analysts and marketing specialists,237008,223163,230827,230432,198931,212757,70985,67036,66945,67154,65105,65047
HD01_VD06,Marketing and sales managers,843840,819708,760335,754514,718997,678121,82357,80734,80973,78455,79228,77476
HD01_VD196,Massage therapists,67798,60133,59445,57261,55838,45699,30766,30667,29167,29253,28442,27697
HD01_VD526,"Material moving workers, all other",31072,37448,31845,33196,31495,34535,35716,36931,36333,35847,34957,32653
HD01_VD88,Materials engineers,34668,38312,29248,27975,28310,29246,81420,80694,78907,80011,75332,75593
HD01_VD72,Mathematicians,1288,2100,2335,1933,1716,2165,121912,86951,108154,79256,104274,86953
HD01_VD89,Mechanical engineers,245579,225549,220593,206515,194400,184964,84486,82760,80674,79565,79493,78626
HD01_VD25,Medical and health services managers,606615,584635,564606,546042,512535,523875,71739,70550,71440,69563,69341,67834
HD01_VD198,Medical assistants,382920,376800,371596,330718,307361,303160,30549,30085,29161,28760,28364,28321
HD01_VD189,Medical records and health information technicians,148302,143058,128111,90186,88172,84387,38273,37102,35805,31530,31295,30621
HD01_VD100,Medical scientists,116550,118091,114987,112826,111409,111051,74534,75438,71874,71375,75544,71835
HD01_VD199,Medical transcriptionists,20559,29196,27861,31868,32870,43502,33597,32279,31621,31933,32009,32336
HD01_VD477,"Medical, dental, and ophthalmic laboratory technicians",58471,61143,61289,64031,59306,64849,36146,33686,36689,33779,35596,35285
HD01_VD44,"Meeting, convention, and event planners",96349,84357,82089,78856,75660,72196,46598,46795,47698,47088,46967,46570
HD01_VD435,"Metal furnace operators, tenders, pourers, and casters",20923,21398,20557,18709,19793,19981,43427,41843,41694,45782,42963,40474
HD01_VD445,"Metal workers and plastic workers, all other",326498,336630,327533,317561,311630,294663,35076,33848,33543,32471,32462,33144
HD01_VD311,"Meter readers, utilities",22784,23586,25329,25811,25687,28345,40726,40162,37039,36555,37028,35650
HD01_VD433,"Milling and planing machine setters, operators, and tenders, metal and plastic",1798,1578,1209,2780,1664,2342,37477,30927,27193,36621,29645,35813
HD01_VD401,Millwrights,37285,37854,37508,37622,39238,37194,61877,60435,59275,60128,55772,54873
HD01_VD524,Mine shuttle car operators,732,658,1331,847,961,2196,43866,69263,65463,70594,63144,72165
HD01_VD90,"Mining and geological engineers, including mining safety engineers",8540,9279,10735,8430,11229,8128,93125,89517,101450,87279,85192,85400
HD01_VD372,Mining machine operators,41476,53986,58432,65476,56735,58723,66863,61442,61797,65453,57283,56790
HD01_VD335,Miscellaneous agricultural workers,470635,498973,479993,451767,426577,441587,25442,24083,23645,23324,22450,22228
HD01_VD418,Miscellaneous assemblers and fabricators,811317,830300,796167,766770,698668,667751,31485,31459,30860,30561,30912,30598
HD01_VD123,"Miscellaneous community and social service specialists, including health educators and community health workers",63963,65726,72471,68388,66884,73735,45512,44030,40924,41900,40293,38959
HD01_VD368,"Miscellaneous construction and related workers, including solar photovoltaic installers",44893,39573,24033,25828,25185,23321,35661,36782,40310,37308,36061,39161
HD01_VD248,Miscellaneous entertainment attendants and related workers,57391,53319,52296,47151,48716,48589,25263,24148,25353,25143,24238,25683
HD01_VD191,Miscellaneous health technologists and technicians,97277,96956,97285,90586,94223,89290,41207,40495,40935,41660,40965,40511
HD01_VD131,Miscellaneous legal support workers,126357,130165,129802,148521,158187,156663,50997,51139,50929,46748,46397,47052
HD01_VD118,"Miscellaneous life, physical, and social science technicians",127222,132230,134477,100831,104123,100733,42673,42427,42097,44561,43096,42329
HD01_VD75,Miscellaneous mathematical science occupations,3041,3951,2993,3686,2353,2316,66960,76250,71689,70370,75674,81276
HD01_VD157,Miscellaneous media and communication workers,54009,50676,44430,45120,48371,40095,42255,41667,40861,42033,38886,42172
HD01_VD158,"Miscellaneous media and communications equipment workers, including broadcast and sound engineering technicians and radio operators",70806,72286,68024,68484,62705,61983,52335,51473,51725,50514,48960,50558
HD01_VD253,Miscellaneous personal appearance workers,206248,172329,179507,159831,161209,139671,23474,21553,21574,21724,20964,20509
HD01_VD469,Miscellaneous plant and system operators,37531,42261,35897,37086,34988,33135,63780,61883,64422,61601,62324,61739
HD01_VD111,"Miscellaneous social scientists and related workers, including sociologists",24486,23218,37644,32080,33913,35415,61924,66855,53839,59540,52454,55188
HD01_VD460,"Miscellaneous textile, apparel, and furnishings workers, including extruding and forming machine setters, operators, and tenders, synthetic and glass fibers",12112,12398,13973,10790,13236,15206,31173,28159,27055,24685,25098,24734
HD01_VD176,"Miscellaneous therapists, including exercise physiologists",107797,99352,99395,99008,96642,93720,50208,46386,46527,46743,45137,46324
HD01_VD394,"Miscellaneous vehicle and mobile equipment mechanics, installers, and repairers",59830,57224,52219,52737,55616,56495,30297,27209,26509,27061,26640,26060
HD01_VD465,"Miscellaneous woodworkers, including model makers and patternmakers",22665,22696,19152,17735,18198,17417,32046,32156,32078,31347,31499,33080
HD01_VD436,"Model makers and patternmakers, metal and plastic",4276,4131,4953,6061,4351,5932,49469,45616,52454,42126,46783,51322
HD01_VD273,"Models, demonstrators, and product promoters",12940,11284,15243,12335,12143,13469,31463,33742,37469,30930,31233,26651
HD01_VD437,"Molders and molding machine setters, operators, and tenders, metal and plastic",33959,34976,33297,35447,34786,37239,35532,36573,35424,36377,34729,32137
HD01_VD486,"Molders, shapers, and casters, except metal and plastic",22330,24236,22359,23056,22170,22026,32017,31261,32152,30639,31073,32769
HD01_VD250,"Morticians, undertakers, and funeral directors",30549,29202,32853,28279,32944,28045,51310,49505,50136,47219,50053,47097
HD01_VD246,Motion picture projectionists,1303,1715,1645,2083,3885,2819,48374,23859,30297,31391,21312,21731
HD01_VD499,"Motor vehicle operators, all other",17956,19406,20578,16506,19090,19930,30386,26376,26489,27418,27940,26127
HD01_VD438,"Multiple machine tool setters, operators, and tenders, metal and plastic",2097,3604,3601,2437,2680,3042,47536,38750,40328,46845,44347,35448
HD01_VD149,"Musicians, singers, and related workers",66779,65350,64044,60370,60505,59458,41300,42428,43538,42746,40489,40490
HD01_VD26,Natural sciences managers,17916,19346,15569,16766,15894,22000,92161,78026,80292,94448,91675,96472
HD01_VD68,Network and computer systems administrators,192293,190100,183110,195372,191910,206623,73483,70574,69647,67246,67154,66889
HD01_VD302,New accounts clerks,11515,14475,12498,13217,15782,19727,35639,33666,36786,34776,34796,33134
HD01_VD152,"News analysts, reporters and correspondents",57202,56131,58796,52566,55535,57131,55372,48528,53751,50711,50512,50031
HD01_VD244,Nonfarm animal caretakers,120981,122243,106483,103783,101786,88387,25210,25207,23806,24547,24743,23451
HD01_VD91,Nuclear engineers,6902,6116,5689,4813,6213,6121,95190,111462,100588,84017,91543,83205
HD01_VD116,Nuclear technicians,3432,3383,3322,3722,3524,2880,84688,71703,81607,100455,76035,75571
HD01_VD179,Nurse anesthetists,26253,22833,20026,21664,21846,21472,160522,152610,150828,147152,151903,154160
HD01_VD180,Nurse midwives,4001,4171,4490,2817,2965,1952,101552,91189,96465,90174,88203,89243
HD01_VD181,Nurse practitioners,116166,97121,92649,81140,77706,71256,100639,96461,93344,91766,90687,87473
HD01_VD193,"Nursing, psychiatric, and home health aides",1256050,1214020,1204676,1397113,1393373,1305639,26056,25743,25613,25909,25658,25243
HD01_VD170,Occupational therapists,72099,64761,62781,59239,61409,54001,70679,69738,68823,68270,67081,65475
HD01_VD194,Occupational therapy assistants and aides,13820,12756,12056,10875,9476,8968,51182,47302,46812,48814,47285,45587
HD01_VD330,"Office and administrative support workers, all other",449803,487520,471807,428493,429326,399672,41080,39843,39222,38662,38052,38004
HD01_VD326,"Office clerks, general",841347,838480,798828,729066,746429,771615,34654,33678,32573,32439,32885,32665
HD01_VD327,"Office machine operators, except computer",26251,23701,18384,24326,26593,27400,30788,29338,31607,32321,30702,32038
HD01_VD347,"Operating engineers and other construction equipment operators, including pile-driver operators",269313,259652,254237,247830,255033,222770,46503,45527,45048,42200,42230,41668
HD01_VD73,Operations research analysts,126989,129326,122903,123636,118370,128285,81092,77057,77416,77172,75351,76581
HD01_VD190,"Opticians, dispensing",48366,37530,42394,39047,39704,37173,37389,38961,37327,35580,36938,36772
HD01_VD164,Optometrists,27134,25706,27120,25610,25567,24604,117397,110566,101931,103805,100761,100024
HD01_VD303,Order clerks,97111,92853,85608,85033,90911,92278,32234,31859,31715,31732,31032,32071
HD01_VD142,"Other education, training, and library workers, except teacher assistants",74463,71350,77839,88624,81624,74612,52790,56213,52058,51516,50911,52069
HD01_VD376,Other extraction workers,37639,55609,61453,55483,57960,44850,54426,60220,54975,51020,50055,46736
HD01_VD192,Other healthcare practitioners and technical occupations,105941,101327,76705,72636,65067,76467,57179,57131,51767,55942,53410,53890
HD01_VD412,"Other installation, maintenance, and repair workers, including wind turbine service technicians",204755,214334,183416,168658,165291,158038,40529,40593,38808,36654,37108,36849
HD01_VD137,Other teachers and instructors,356475,354049,362242,359794,359094,365063,45426,43893,45216,43740,44060,42262
HD01_VD512,Other transportation workers,17369,19745,16123,16054,12835,15227,36282,37731,36973,42418,36186,38311
HD01_VD478,Packaging and filling machine operators and tenders,204703,199896,204716,198721,179300,180014,27178,25736,25327,25434,25414,24958
HD01_VD521,"Packers and packagers, hand",292614,285020,274739,273503,278361,263294,23676,22713,22107,21661,22029,22319
HD01_VD352,"Painters, construction and maintenance",359202,371450,365280,326717,315992,280199,30778,29982,30317,30027,30561,28235
HD01_VD479,Painting workers,126596,127684,111570,101860,116772,111046,36898,33484,36655,32285,35432,31839
HD01_VD487,"Paper goods machine setters, operators, and tenders",24020,18859,21451,26459,19423,23191,38661,36923,41050,39446,37574,39790
HD01_VD353,Paperhangers,2130,1555,2377,2232,2248,1387,39968,41787,35857,47083,31911,46060
HD01_VD130,Paralegals and legal assistants,318793,316583,306773,307815,301632,292578,47223,48453,46642,46562,45998,46041
HD01_VD213,Parking enforcement workers,4730,6393,5647,4876,6646,4441,39298,41431,40090,36589,37507,32067
HD01_VD508,Parking lot attendants,46169,43949,43942,38720,43511,43758,23264,24167,24865,23270,22509,22387
HD01_VD265,Parts salespersons,92199,97449,84821,82536,89426,87372,35832,35291,35264,33375,32671,32896
HD01_VD346,"Paving, surfacing, and tamping equipment operators",11253,8788,7639,8213,7351,9767,41825,29198,38677,39440,31501,35572
HD01_VD287,Payroll and timekeeping clerks,131052,128515,124952,138447,132181,138598,41313,41274,40093,39268,38601,38235
HD01_VD257,Personal care aides,692735,665649,629543,576620,549901,492119,22578,22104,21825,21898,21103,21223
HD01_VD260,"Personal care and service workers, all other",73763,70671,46143,48690,45272,45183,26185,25498,25728,25529,22349,23269
HD01_VD53,Personal financial advisors,327459,310815,312232,283136,291220,296187,91150,87023,83154,82142,82212,80013
HD01_VD239,Pest control workers,68409,59380,58844,53799,54769,54968,37802,35704,35558,33351,35099,33064
HD01_VD92,Petroleum engineers,22671,28922,26436,23225,26279,22129,141359,125678,119645,110560,115009,102938
HD01_VD165,Pharmacists,214665,211639,210328,205734,197448,189581,120878,120111,116276,116468,114113,114224
HD01_VD200,Pharmacy aides,21617,28588,27555,22034,22542,24457,30505,31500,30371,29851,28289,28206
HD01_VD202,Phlebotomists,82446,85128,71105,75727,72755,70203,31121,30497,30387,31062,29933,30263
HD01_VD159,Photographers,90481,80094,77681,80489,77080,71341,36504,41015,37530,38052,36299,34363
HD01_VD480,Photographic process workers and processing machine operators,17651,18581,24063,25840,23906,32770,31397,31876,28406,26166,25086,24181
HD01_VD106,"Physical scientists, all other",192236,180602,171195,171530,161743,162977,77439,77740,72973,74592,71414,72361
HD01_VD195,Physical therapist assistants and aides,59281,53025,49661,44581,43358,41368,45826,45648,45272,41994,43266,41898
HD01_VD171,Physical therapists,162536,157932,154006,136392,143468,137915,77605,75836,74449,72260,72129,71974
HD01_VD167,Physician assistants,76018,72551,75160,100572,88805,89293,101940,97462,94513,81522,80591,78054
HD01_VD166,Physicians and surgeons,743383,715361,686827,737546,742281,718437,201542,200203,194521,182232,175537,170728
HD01_VD354,"Pipelayers, plumbers, pipefitters, and steamfitters",478329,441982,415539,397714,357783,353661,47032,45141,43790,43340,42191,43240
HD01_VD355,Plasterers and stucco masons,22350,21511,17452,17735,15293,14111,31073,30051,30975,25972,31151,34872
HD01_VD443,"Plating and coating machine setters, operators, and tenders, metal and plastic",12839,14348,13349,13378,13759,13799,32560,35293,32844,34069,31126,34806
HD01_VD168,Podiatrists,6093,5562,6580,6757,7738,6085,126617,116654,102486,120367,101026,86768
HD01_VD214,Police and sheriff's patrol officers,669550,662619,679836,623338,641208,616625,62852,62358,60535,61313,61340,61424
HD01_VD312,Postal service clerks,97883,95566,90764,94064,93788,98843,55378,55021,54650,53357,53149,53207
HD01_VD313,Postal service mail carriers,281178,267230,252571,251980,260147,271521,56755,56356,55921,55923,55738,54602
HD01_VD314,"Postal service mail sorters, processors, and processing machine operators",50704,53474,52498,61856,64330,57264,54397,53083,54788,53497,53524,53322
HD01_VD27,Postmasters and mail superintendents,20947,20609,24028,28282,28217,31362,71429,69456,69105,65191,64804,63884
HD01_VD132,Postsecondary teachers,881345,879141,848073,836986,822255,819042,67145,65629,65698,65463,61839,62072
HD01_VD466,"Power plant operators, distributors, and dispatchers",42662,45276,42069,44028,42306,44863,89417,90725,80491,80959,81128,78081
HD01_VD404,Precision instrument and equipment repairers,47211,53032,48521,53885,50492,55619,51655,49107,49569,46805,50438,50981
HD01_VD446,Prepress technicians and workers,17187,19214,23027,23527,22992,26200,36257,36428,35730,32464,32039,35366
HD01_VD133,Preschool and kindergarten teachers,339677,340735,332062,316025,316050,325393,25124,24938,24489,24347,23950,24635
HD01_VD449,"Pressers, textile, garment, and related materials",24529,27312,27738,25595,29436,28041,21308,21936,20726,21701,21391,20446
HD01_VD447,"Printing workers, except prepress technicians and workers",157832,162921,161075,169498,177911,169784,37214,35323,36032,34992,35568,34975
HD01_VD217,Private detectives and investigators,70181,67589,74485,68657,63165,65773,56272,51899,51775,50892,52269,51890
HD01_VD121,Probation officers and correctional treatment specialists,81680,83528,85020,83568,85982,79939,48545,48528,47695,45909,45180,46039
HD01_VD288,Procurement clerks,29591,27334,26885,32617,30723,28970,56309,51576,49515,50876,48482,48909
HD01_VD146,Producers and directors,121999,117179,109665,117967,107490,103680,68571,62387,63063,63715,60246,61208
HD01_VD490,"Production workers, all other",953539,1012384,942025,881828,860757,815976,35030,33905,32296,32491,32258,31972
HD01_VD315,"Production, planning, and expediting clerks",283387,270331,264366,267453,247460,246087,48582,46053,44413,44865,44793,42804
HD01_VD328,Proofreaders and copy markers,6113,6526,6117,6416,7013,7297,40435,34559,36265,33979,35948,31499
HD01_VD28,"Property, real estate, and community association managers",459115,461757,436425,414232,403914,407875,51957,52153,50395,47936,50102,47364
HD01_VD109,Psychologists,121887,122868,115413,115139,115742,115287,72789,71416,70415,66764,69494,68328
HD01_VD07,Public relations and fundraising managers,51121,52633,50604,44198,38824,41294,77835,78347,76796,74114,76754,78900
HD01_VD153,Public relations specialists,103540,101879,98358,97408,101805,99566,65386,62272,64970,63966,61651,61586
HD01_VD522,Pumping station operators,19540,23091,24642,25133,23704,20561,62096,54503,60028,60787,52922,55581
HD01_VD35,"Purchasing agents, except wholesale, retail, and farm products",253717,243673,251774,220927,225703,223658,54740,52118,52529,54632,51642,51292
HD01_VD15,Purchasing managers,181255,180237,174227,175540,172103,170775,76501,71940,74537,71237,70798,70608
HD01_VD172,Radiation therapists,10165,12812,13222,14694,11261,9104,88073,80607,75447,75639,75724,71476
HD01_VD379,Radio and telecommunications equipment installers and repairers,138322,140980,138077,142862,130364,141423,52338,53181,54815,52061,53793,55915
HD01_VD366,Rail-track laying and maintenance equipment operators,10530,13345,12818,8255,10806,11791,56883,58570,49788,54138,51570,49580
HD01_VD501,"Railroad brake, signal, and switch operators",3553,4928,3808,4454,4332,4711,60383,60761,57310,61302,60267,60143
HD01_VD502,Railroad conductors and yardmasters,43761,45382,46802,43061,43746,42582,71955,70810,65538,65417,62142,62430
HD01_VD274,Real estate brokers and sales agents,576380,558162,534320,513527,490104,463553,57486,53278,52124,50914,46988,42903
HD01_VD305,Receptionists and information clerks,654662,673178,643687,657793,640902,644924,28555,27482,27125,27345,26994,26862
HD01_VD258,Recreation and fitness workers,184743,179318,173857,163532,159470,154469,31582,31955,31005,31044,31241,31090
HD01_VD173,Recreational therapists,10160,7445,7545,9144,8646,8854,40040,41480,46466,41923,41042,39695
HD01_VD523,Refuse and recyclable material collectors,65170,69740,66445,73441,71974,63732,32367,30661,30571,29333,28794,30424
HD01_VD178,Registered nurses,2317493,2227835,2183447,2061647,2058961,1965534,65331,62636,62280,62265,61773,61635
HD01_VD356,Reinforcing iron and rebar workers,5730,7097,3839,4984,3161,3295,41008,32636,35893,32212,40984,33281
HD01_VD126,"Religious workers, all other",40939,35916,41141,41694,36870,44063,35551,36943,35801,36496,37069,34580
HD01_VD306,Reservation and transportation ticket agents and travel clerks,95666,89592,87092,86373,84707,88716,38473,38389,37781,36454,39835,38688
HD01_VD259,Residential advisors,26803,27489,27719,24461,27961,26873,28627,26716,27733,26098,27742,25532
HD01_VD174,Respiratory therapists,92125,83930,89483,84482,86923,81992,56532,55793,55979,54303,55310,53685
HD01_VD266,Retail salespersons,1716984,1728842,1706417,1668480,1721110,1708060,32480,31949,31567,31615,31852,31796
HD01_VD409,Riggers,10169,7983,10307,9555,8580,8102,49346,52418,41040,42586,53000,50788
HD01_VD428,"Rolling machine setters, operators, and tenders, metal and plastic",8890,8714,7334,9439,8431,8456,35268,45319,36745,35348,38331,32431
HD01_VD373,"Roof bolters, mining",1602,2799,2812,3576,5283,4112,75466,70214,75895,66547,66974,62213
HD01_VD357,Roofers,143180,131639,114990,118795,108837,113520,30330,30482,29618,27499,29478,28911
HD01_VD374,"Roustabouts, oil and gas",4808,8537,8932,9766,8260,7215,43034,45951,41283,44659,41359,40019
HD01_VD504,Sailors and marine oilers,15230,16111,15078,12690,14496,12795,47279,50298,43772,48856,45951,40987
HD01_VD278,"Sales and related workers, all other",178931,195098,187100,186390,159891,165866,54472,52342,51804,51489,51909,50217
HD01_VD275,Sales engineers,35706,34183,32909,33279,26725,28128,111522,102095,97271,93162,100349,92860
HD01_VD271,"Sales representatives, services, all other",534512,532756,529277,497043,495667,449401,66475,61800,60973,60174,60192,56555
HD01_VD272,"Sales representatives, wholesale and manufacturing",1182664,1180434,1177413,1129716,1152620,1138385,65716,62997,61920,61355,61287,60854
HD01_VD463,"Sawing machine setters, operators, and tenders, wood",25859,26791,25601,22242,23678,23050,27707,30040,27147,27395,24634,25757
HD01_VD135,Secondary school teachers,536264,542418,535253,541598,499477,515084,52671,51915,51547,50810,51080,51332
HD01_VD319,Secretaries and administrative assistants,2226591,2292625,2267963,2402826,2442050,2374801,37122,36663,36141,35814,35442,35133
HD01_VD269,"Securities, commodities, and financial services sales agents",199539,207926,212151,226082,234359,233455,91885,81122,81020,76524,76058,70421
HD01_VD386,Security and fire alarm systems installers,55556,50824,43095,41748,41854,40866,42132,44043,44478,42135,41608,42009
HD01_VD218,Security guards and gaming surveillance officers,647922,675504,672682,668775,669863,650321,30422,30369,30461,30421,30710,30801
HD01_VD481,Semiconductor processors,1741,2819,1842,1988,2947,2096,36791,43059,36199,39118,40889,44650
HD01_VD367,Septic tank servicers and sewer pipe cleaners,9144,9577,7362,6191,8209,7987,41736,35765,40914,37914,39343,36614
HD01_VD450,Sewing machine operators,129635,131070,131301,134443,134551,128183,23027,21839,21046,20788,20838,20308
HD01_VD358,Sheet metal workers,97860,97369,102627,96747,86453,93585,41644,41647,40254,41924,41253,40183
HD01_VD505,Ship and boat captains and operators,24058,28620,26446,26328,25172,26059,73064,74061,60418,69566,72327,61059
HD01_VD506,Ship engineers,3026,3083,3119,4145,3178,3199,76236,66631,89141,77584,82070,75701
HD01_VD316,"Shipping, receiving, and traffic clerks",475270,479565,463500,445945,432927,421487,31175,30934,30729,30682,30107,29744
HD01_VD451,Shoe and leather workers and repairers,8294,6640,6811,6508,5725,6263,26559,29370,22535,26334,25129,26344
HD01_VD452,Shoe machine operators and tenders,2149,2950,3372,4373,3423,3096,23349,24644,26917,21688,23187,25885
HD01_VD410,Signal and track switch repairers,4503,3898,4597,3623,5593,6160,75309,65000,76339,72403,66326,63302
HD01_VD393,Small engine mechanics,33288,33855,36074,31008,35584,32074,32818,32320,33243,31387,35166,31764
HD01_VD29,Social and community service managers,296269,293821,281769,279952,269933,262717,56610,55506,53263,55473,52597,52869
HD01_VD122,Social and human service assistants,146414,134496,132261,94377,94899,94823,37732,37178,35827,35643,33798,34129
HD01_VD117,Social science research assistants,1723,2205,1666,4333,2423,2919,41644,42435,41279,40464,33568,39069
HD01_VD120,Social workers,704192,693187,662207,627085,643964,626537,44669,42350,42403,41940,41629,41458
HD01_VD64,"Software developers, applications and systems software",1124661,1037453,979815,924888,869619,793458,100760,97763,95739,94025,91530,91245
HD01_VD136,Special education teachers,178054,168678,172214,165928,147306,149658,48840,48795,46416,47264,46804,46787
HD01_VD175,Speech-language pathologists,87443,88903,85021,77904,75636,73121,63532,61989,62054,60695,61558,60847
HD01_VD467,Stationary engineers and boiler operators,80093,81300,72810,81858,86835,72261,60018,56459,56372,55732,56704,52085
HD01_VD329,Statistical assistants,15243,14662,13979,17346,18670,17652,50405,48936,45281,41311,40984,45297
HD01_VD74,Statisticians,47469,33912,32115,31319,31551,37977,81345,83209,83461,81209,79460,72149
HD01_VD317,Stock clerks and order fillers,905020,881379,829783,814645,823536,788556,27212,27118,26605,26489,26280,26436
HD01_VD359,Structural iron and steel workers,45672,45673,45105,45516,39599,38781,50902,47794,45592,45603,42359,43346
HD01_VD417,Structural metal fabricators and fitters,23431,23979,22590,20509,23300,19659,43039,38770,41335,40196,40803,41901
HD01_VD503,"Subway, streetcar, and other rail transportation workers",14379,13012,11165,9669,9115,7992,66028,61449,61113,59028,55280,51629
HD01_VD491,Supervisors of transportation and material moving workers,196226,191955,180426,185456,170914,188834,51318,50083,50717,50107,48804,48968
HD01_VD108,Survey researchers,1453,929,947,836,1164,956,64230,90354,47236,70521,75833,51735
HD01_VD96,Surveying and mapping technicians,55079,50931,56276,45449,47417,47289,50071,50504,50838,48685,47181,50074
HD01_VD77,"Surveyors, cartographers, and photogrammetrists",27429,25698,30688,31315,29976,30445,61119,61862,57018,59354,53362,54480
HD01_VD280,"Switchboard operators, including answering service",17734,19750,18557,20377,20078,24749,30456,28733,26952,25878,27396,29400
HD01_VD453,"Tailors, dressmakers, and sewers",38822,43544,42695,42018,43485,48890,26152,25443,26373,22621,24856,23411
HD01_VD525,"Tank car, truck, and ship loaders",4198,4723,3994,4741,3777,5146,44079,50365,32318,40401,45456,38977
HD01_VD57,"Tax examiners and collectors, and revenue agents",42395,50457,50454,50960,48605,50943,51797,51028,51944,49380,51053,51758
HD01_VD58,Tax preparers,55325,52627,52982,51485,45752,42961,55336,52136,52451,56047,46546,48449
HD01_VD498,Taxi drivers and chauffeurs,302027,265304,237024,196209,198897,204502,27925,27420,27206,26200,26902,26127
HD01_VD141,Teacher assistants,421376,410201,411405,371321,373734,375595,22682,22150,21634,21125,20555,20397
HD01_VD155,Technical writers,47360,43179,47369,43977,42745,41555,71388,68642,66590,69242,69436,63989
HD01_VD403,Telecommunications line installers and repairers,125604,131790,114904,118663,129254,131992,50164,47745,50352,48906,48560,50234
HD01_VD276,Telemarketers,41866,36741,38731,44182,47996,47222,25732,25385,25063,25628,24058,25105
HD01_VD281,Telephone operators,24570,25954,28220,28046,22927,30369,31443,30710,30644,29587,29770,27492
HD01_VD160,"Television, video, and motion picture camera operators and editors",37742,38581,27759,28620,26460,30250,51138,46655,50147,50835,49986,48501
HD01_VD289,Tellers,211343,222682,228539,233474,243968,246775,26405,26514,25876,25260,25165,24486
HD01_VD454,Textile bleaching and dyeing machine operators and tenders,1234,2451,3636,1989,2919,2698,26938,31399,25546,30170,23307,27278
HD01_VD455,"Textile cutting machine setters, operators, and tenders",6067,5925,6055,4006,4155,5516,22483,24248,26584,24492,20754,23988
HD01_VD456,"Textile knitting and weaving machine setters, operators, and tenders",7421,7156,6424,6615,7204,8079,28490,24854,30671,27247,26366,25350
HD01_VD457,"Textile winding, twisting, and drawing out machine setters, operators, and tenders",9640,11708,10083,9594,9496,11039,26440,25963,26099,25266,25727,23919
HD01_VD488,Tire builders,12530,13082,11516,14330,13464,12035,41969,44488,50843,49825,46561,43067
HD01_VD439,Tool and die makers,50267,52096,52437,51409,54690,50421,55390,55475,52840,54084,51527,51482
HD01_VD444,"Tool grinders, filers, and sharpeners",5015,4042,4744,4643,4971,4178,44996,46744,37108,40022,35631,36668
HD01_VD255,Tour and travel guides,18870,17915,15875,15628,16526,15067,30693,27135,27641,29404,30318,27158
HD01_VD13,Training and development managers,49960,45083,42441,41185,37740,38932,72153,74067,75739,74735,71745,71370
HD01_VD41,Training and development specialists,111303,124732,104051,105954,90873,93107,58739,56712,54215,52417,56855,53615
HD01_VD215,Transit and railroad police,747,2915,1549,2623,3056,1992,75603,44818,61442,53590,51875,64222
HD01_VD511,"Transportation attendants, except flight attendants",15697,13589,10943,11113,12611,15761,29067,27786,32938,30763,28878,28637
HD01_VD510,Transportation inspectors,39784,41392,41802,35783,35961,38692,60174,54918,57458,55959,55188,52263
HD01_VD220,Transportation security screeners,33438,23262,22644,21025,22215,19429,41793,41487,40748,41104,40785,41068
HD01_VD16,"Transportation, storage, and distribution managers",222794,208783,197645,185512,194727,184551,52485,52382,51790,52058,50730,50609
HD01_VD270,Travel agents,49901,51045,53306,46577,53981,48548,41744,40649,39306,37233,38906,37894
HD01_VD459,Upholsterers,23251,25446,25207,24713,25561,26864,33082,30621,28450,29397,29637,29026
HD01_VD110,Urban and regional planners,21747,20118,19217,17145,18680,17161,70647,71387,71496,67392,69242,66179
HD01_VD247,"Ushers, lobby attendants, and ticket takers",6511,8040,6175,5964,6076,7714,28929,24079,25024,22057,24466,20767
HD01_VD177,Veterinarians,65797,56815,62082,57599,58514,51033,90063,90378,87898,86490,81606,89955
HD01_VD201,Veterinary assistants and laboratory animal caretakers,28193,29360,25916,23366,20649,23315,26441,25504,26224,22858,22803,25029
HD01_VD229,Waiters and waitresses,734635,733624,701881,680777,687379,673621,22252,21647,21238,20980,20477,20379
HD01_VD468,Water and wastewater treatment plant and system operators,78358,74759,77537,80472,76453,76390,48818,50262,46654,45638,45586,45291
HD01_VD65,Web developers,138048,139635,145465,136446,129224,120959,63173,61543,61023,60056,57306,56901
HD01_VD318,"Weighers, measurers, checkers, and samplers, recordkeeping",58258,60025,62783,61712,60502,56554,35545,36196,34284,35476,33073,32906
HD01_VD440,"Welding, soldering, and brazing workers",475547,514255,507586,488957,474719,429885,40394,40548,39371,38137,37368,37188
HD01_VD34,"Wholesale and retail buyers, except farm products",139871,138703,136489,170412,159186,151995,41625,42479,42159,42170,42980,43244
HD01_VD464,"Woodworking machine setters, operators, and tenders, except sawing",15419,13443,14401,20413,12943,12837,27718,25849,27081,26115,25572,29909
HD01_VD322,Word processors and typists,198318,197811,194758,217182,199429,191227,34645,35048,33942,32507,33389,32373
HD01_VD156,Writers and authors,132235,131816,126601,121198,125403,108771,55464,56930,58150,53964,54179,55502