,ID,Job,jobs2016,jobs2015,jobs2014,jobs2013,jobs2012,jobs2011,earnings2016,earnings2015,earnings2014,earnings2013,earnings2012,earnings2011,fiveyearchangeJOBS,oneyearchangeJOBS,fiveyearchangeEARNINGS,oneyearchangeEARNINGS,ZfiveyearchangeJOBS,ZoneyearchangeJOBS,ZfiveyearchangeEARNINGS,ZoneyearchangeEARNINGS,ztotaljobs,Zscore
248,HD01_VD307,"Information and record clerks, all other",78023,63591,73262,85226,85640,75211,37235,38533,36034,36818,36625,36248,0.0373881480103,0.22695035461,0.0272290885014,-0.0336854125036,-0.0896342375623,1.3696345393,-0.482404470639,-0.602185000484,-0.0703073105948,0.0250207040036
321,HD01_VD253,Miscellaneous personal appearance workers,206248,172329,179507,159831,161209,139671,23474,21553,21574,21724,20964,20509,0.476670174911,0.196826999518,0.144570676288,0.0891291235559,0.668821444191,1.18216898563,0.599448480266,0.581893416264,-0.0427662264905,0.597913219972
346,HD01_VD181,Nurse practitioners,116166,97121,92649,81140,77706,71256,100639,96461,93344,91766,90687,87473,0.630262714719,0.196095592096,0.150515016062,0.0433128414592,0.934011293441,1.17761724507,0.65425344453,0.14016988331,-0.0621146837983,0.56878743651
249,HD01_VD62,Information security analysts,74659,62969,53003,50853,53021,44775,91119,87209,86632,84140,85708,81162,0.667426018984,0.18564690562,0.122680564796,0.044834822094,0.998176721449,1.11259232373,0.397628459249,0.154843589519,-0.0710298546145,0.518442247866
515,HD01_VD177,Veterinarians,65797,56815,62082,57599,58514,51033,90063,90378,87898,86490,81606,89955,0.28930300002,0.158092053155,0.00120060030015,-0.00348536148178,0.345316976291,0.941111236781,-0.722379038047,-0.311020536187,-0.0729332984619,0.0360190680752
157,HD01_VD296,"Eligibility interviewers, government programs",73673,63758,65854,65971,63105,62214,41945,40640,41195,41398,41246,41588,0.184186838975,0.155509896797,0.00858420698278,0.0321112204724,0.163825486301,0.925041799303,-0.654304480436,0.0321729143141,-0.0712416347582,0.0790988169448
379,HD01_VD239,Pest control workers,68409,59380,58844,53799,54769,54968,37802,35704,35558,33351,35099,33064,0.244524086741,0.152054563826,0.143297846601,0.0587609231459,0.268002587997,0.903538354334,0.587713386342,0.289107791575,-0.0723722743896,0.395197969172
131,HD01_VD163,Dietitians and nutritionists,70729,61678,66139,61437,56425,55821,49841,50322,47909,47997,46872,50143,0.267067949338,0.146746003437,-0.00602277486389,-0.00955844362307,0.306926376424,0.870501788205,-0.788976310881,-0.369572281912,-0.0718739681691,-0.0105988792666
301,HD01_VD44,"Meeting, convention, and event planners",96349,84357,82089,78856,75660,72196,46598,46795,47698,47088,46967,46570,0.334547620367,0.142157734391,0.000601245436977,-0.00420985147986,0.423435445224,0.841947784358,-0.72790490351,-0.318005482737,-0.0663711210273,0.0306203444616
488,HD01_VD498,Taxi drivers and chauffeurs,302027,265304,237024,196209,198897,204502,27925,27420,27206,26200,26902,26127,0.476890201563,0.138418568887,0.0688176981666,0.0184172137126,0.669201337867,0.818677974961,-0.0989704219023,-0.0998536223107,-0.0221941267095,0.253372228381
90,HD01_VD70,"Computer occupations, all other",569272,502477,476615,354952,308702,310873,70492,69200,68159,66550,62965,64775,0.831204382497,0.132931457559,0.0882593593207,0.0186705202312,1.28095321297,0.784530239426,0.0802756483674,-0.0974114457483,0.0352066689346,0.41671086479
7,HD01_VD267,Advertising sales agents,148263,131025,139398,155726,156714,156466,61018,60371,55768,51283,56207,51176,-0.052426725295,0.131562678878,0.192316710958,0.010717066141,-0.244706825997,0.776011970046,1.03965207283,-0.174092216844,-0.0552206601952,0.268328867969
49,HD01_VD341,"Brickmasons, blockmasons, and stonemasons",98752,87393,80656,77234,76797,64080,33569,36511,33296,31967,34092,32708,0.541073657928,0.129976085041,0.0263238351474,-0.0805784558078,0.780019227454,0.76613817972,-0.490750625066,-1.05428979405,-0.0658549874722,-0.0129475998833
384,HD01_VD159,Photographers,90481,80094,77681,80489,77080,71341,36504,41015,37530,38052,36299,34363,0.268288922219,0.129685119984,0.0623053866077,-0.109984152139,0.309034484113,0.764327427718,-0.15901190941,-1.33779573295,-0.0676314921057,-0.0982154445266
290,HD01_VD196,Massage therapists,67798,60133,59445,57261,55838,45699,30766,30667,29167,29253,28442,27697,0.483577321167,0.127467447159,0.110806224501,0.00322822578015,0.680747186656,0.750526267032,0.288150734164,-0.24629355817,-0.0725035093468,0.280125424067
72,HD01_VD82,Civil engineers,311007,276172,263869,257802,258367,254977,86606,82611,81639,81233,81673,80983,0.219745310361,0.126135162145,0.0694343257227,0.0483591773493,0.22522004152,0.742235107334,-0.0932853075819,0.188822572175,-0.0202653379767,0.208545415094
61,HD01_VD343,"Carpet, floor, and tile installers and finishers",115722,102910,101337,94438,86189,80518,34531,31201,31696,31025,30363,28023,0.43721900693,0.124497133418,0.23223780466,0.106727348482,0.600705835824,0.732041224168,1.40771214292,0.751561266481,-0.0622100492991,0.685962084019
29,HD01_VD147,"Athletes, coaches, umpires, and related workers",123505,109943,123608,114456,102274,106927,46393,45098,42873,43373,41844,43877,0.155040354634,0.123354829321,0.0573421154591,0.0287152423611,0.113501741423,0.724932365632,-0.204771726023,-0.000568359760063,-0.0605383608016,0.114511132094
240,HD01_VD298,"Hotel, motel, and resort desk clerks",85672,76390,75704,76241,73667,74822,22230,22015,21651,21564,21884,21923,0.145010825693,0.121508050792,0.0140035579072,0.0097660685896,0.0961849546087,0.713439377606,-0.604339750112,-0.18326096601,-0.0686644035774,-0.00932815749684
348,HD01_VD170,Occupational therapists,72099,64761,62781,59239,61409,54001,70679,69738,68823,68270,67081,65475,0.335141941816,0.113308935934,0.0794807178312,0.013493360865,0.424461588913,0.66241413152,-0.000660696362981,-0.147325428753,-0.0715797097544,0.173461977112
84,HD01_VD37,Compliance officers,226344,203916,188361,193020,173104,186614,69262,65541,65105,62311,62255,61975,0.212899353746,0.109986465015,0.117579669221,0.0567736226179,0.213399947881,0.641737522012,0.350599788221,0.269947847336,-0.0384498636427,0.287447048361
99,HD01_VD18,Construction managers,573250,519273,491817,469706,510999,493869,71331,70871,70037,68101,66464,66169,0.160732906904,0.103947249327,0.0780123622845,0.00649066613989,0.123330389873,0.60415389598,-0.0141984779051,-0.214839747083,0.036061092273,0.106901430628
272,HD01_VD301,Loan interviewers and clerks,111389,101161,99022,116281,97105,99700,41419,41230,41743,39905,38895,38102,0.117241725176,0.101106157511,0.0870557975959,0.00458404074703,0.0482393734675,0.58647303511,0.0691791835238,-0.233221886925,-0.0631407220807,0.081505796619
8,HD01_VD78,Aerospace engineers,114956,104657,108106,117942,129475,122600,102350,101228,100551,100701,96815,98133,-0.0623491027732,0.098407177733,0.0429722927048,0.0110838898329,-0.261838607208,0.56967657479,-0.337257023384,-0.170555599517,-0.0623745762667,-0.052469846317
436,HD01_VD174,Respiratory therapists,92125,83930,89483,84482,86923,81992,56532,55793,55979,54303,55310,53685,0.123585227827,0.0976408912189,0.0530315730651,0.0132453892065,0.0591919400049,0.564907772471,-0.244513586492,-0.149716170909,-0.0672783820081,0.0325183146134
166,HD01_VD105,Environmental scientists and geoscientists,63449,58056,61131,65341,62397,60901,72831,77010,74949,71065,71224,70898,0.0418383934582,0.0928930687612,0.027264520861,-0.0542656797818,-0.0819505315636,0.535360825823,-0.482077795302,-0.800603290998,-0.073437618723,-0.180541682153
186,HD01_VD223,First-line supervisors of food preparation and serving workers,409285,375654,361486,374711,368174,382065,25713,25510,24662,24828,24151,24490,0.0712444217607,0.0895265323942,0.0499387505104,0.00795766366131,-0.0311786632012,0.514409985452,-0.273028448703,-0.200696143579,0.000843514927189,0.00207004897912
243,HD01_VD39,Human resources workers,678049,622517,625092,571108,533278,527711,57369,55712,54089,54989,54803,53078,0.28488699307,0.0892055959918,0.0808432872377,0.0297422458357,0.337692385808,0.512412713893,0.0119017698602,0.00933317703901,0.0585705722733,0.185982123775
294,HD01_VD89,Mechanical engineers,245579,225549,220593,206515,194400,184964,84486,82760,80674,79565,79493,78626,0.327712419714,0.0888055367126,0.0745300536718,0.0208554857419,0.411633922618,0.509923039884,-0.0463042804564,-0.0763457756284,-0.0343184325431,0.152917694775
466,HD01_VD122,Social and human service assistants,146414,134496,132261,94377,94899,94823,37732,37178,35827,35643,33798,34129,0.54407685899,0.0886123007376,0.105570043072,0.0149012857066,0.785204495162,0.508720481638,0.23987476963,-0.133751356246,-0.0556178016615,0.268886117704
441,HD01_VD357,Roofers,143180,131639,114990,118795,108837,113520,30330,30482,29618,27499,29478,28911,0.261275546159,0.0876715866878,0.0490816644184,-0.00498654943901,0.296925327365,0.502866170933,-0.280930515952,-0.325493776218,-0.0563124233499,0.0274109565555
193,HD01_VD242,First-line supervisors of personal service workers,74093,68182,60234,98491,98234,132251,32240,31871,32818,33932,33957,32140,-0.439754708849,0.0866944354815,0.0031113876789,0.0115779235041,-0.913459681426,0.496785102229,-0.704762172592,-0.165792526463,-0.0711514241494,-0.27167614048
325,HD01_VD176,"Miscellaneous therapists, including exercise physiologists",107797,99352,99395,99008,96642,93720,50208,46386,46527,46743,45137,46324,0.150202731541,0.0850008052178,0.0838442276142,0.0823955503816,0.105149196823,0.486245196096,0.0395695069607,0.516973750245,-0.0639122375738,0.21680508251
469,HD01_VD64,"Software developers, applications and systems software",1124661,1037453,979815,924888,869619,793458,100760,97763,95739,94025,91530,91245,0.417417178981,0.0840597116207,0.104279686558,0.0306557695652,0.566516390326,0.480388523368,0.227978083822,0.0181406339243,0.154497097163,0.289504145721
391,HD01_VD354,"Pipelayers, plumbers, pipefitters, and steamfitters",478329,441982,415539,397714,357783,353661,47032,45141,43790,43340,42191,43240,0.352507061847,0.0822363806671,0.0876965772433,0.0418909638688,0.454443862591,0.469041455762,0.075086972616,0.126461289685,0.0156732798786,0.228141372106
91,HD01_VD320,Computer operators,75141,69473,64280,78265,85509,99475,42199,43932,41218,42028,42299,41240,-0.244624277457,0.0815856519799,0.0232541222114,-0.0394473276882,-0.576551328001,0.464991800162,-0.519052423779,-0.657736726104,-0.0709263272015,-0.271855000984
223,HD01_VD240,Grounds maintenance workers,802064,748403,747493,728064,692884,654854,25708,25090,24570,23545,23510,23112,0.224798199293,0.0717006746365,0.112322602977,0.024631327222,0.233944259869,0.40347498887,0.30213127218,-0.0399421662098,0.0852074024172,0.196963151425
114,HD01_VD56,Credit counselors and loan officers,292543,273231,270825,285649,284591,267088,59219,55986,55515,54535,52480,52048,0.0953056670461,0.0706801204841,0.137776667691,0.057746579502,0.0103650082427,0.397123812229,0.536809833663,0.279328310625,-0.0242311681729,0.239879159317
41,HD01_VD226,Bartenders,226847,212346,206547,203401,187841,183245,29375,27471,26711,26403,25301,24552,0.237943736528,0.068289489795,0.196440208537,0.0693094536056,0.256641085131,0.38224628931,1.07766943827,0.390808189969,-0.0383418256992,0.413804635396
24,HD01_VD76,"Architects, except naval",157568,147505,141773,145439,135123,132645,76154,76033,74630,71305,73912,70168,0.187892495005,0.0682214162232,0.0853095428115,0.00159141425434,0.1702235989,0.381822649587,0.0530792574264,-0.262074370948,-0.0532220656342,0.0579658138662
434,HD01_VD306,Reservation and transportation ticket agents and travel clerks,95666,89592,87092,86373,84707,88716,38473,38389,37781,36454,39835,38688,0.0783398710492,0.0677962318064,-0.00555727874276,0.00218812680716,-0.0189278004344,0.379176615244,-0.784684581395,-0.256321351171,-0.0665178206603,-0.149454987683
510,HD01_VD16,"Transportation, storage, and distribution managers",222794,208783,197645,185512,194727,184551,52485,52382,51790,52058,50730,50609,0.207221851954,0.0671079541917,0.0370685056018,0.00196632430988,0.203597285289,0.374893282802,-0.391688104635,-0.258459791443,-0.0392123580749,-0.0221739372122
39,HD01_VD419,Bakers,148282,139172,134823,131066,124161,121867,25848,24833,24716,23666,25037,23106,0.216752689407,0.0654585692524,0.118670475201,0.0408730318528,0.220053041217,0.364628726948,0.360656680158,0.116647212552,-0.0552165792391,0.201353816327
242,HD01_VD12,Human resources managers,369518,346818,332171,307004,299871,290931,72008,71789,70814,67669,67033,67800,0.270122468902,0.0654521968295,0.0620648967552,0.0030506066389,0.312200249645,0.364589069685,-0.161229151068,-0.24800601826,-0.00769792622372,0.0519712447557
194,HD01_VD205,First-line supervisors of police and detectives,100335,94175,99163,102581,87016,109832,79259,80336,76115,73155,77269,74575,-0.0864684245029,0.0654101406955,0.0628092524304,-0.0134061939853,-0.303482552295,0.364327343314,-0.154366423206,-0.406669178608,-0.0655149793916,-0.113141158037
160,HD01_VD186,Emergency medical technicians and paramedics,167315,157142,161288,157684,143623,146793,42373,40915,42006,41670,41325,42401,0.139802306649,0.0647376258416,-0.00066036178392,0.0356348527435,0.0871920283788,0.360142106674,-0.739536529778,0.0661449265414,-0.0511285351467,-0.055437200666
386,HD01_VD106,"Physical scientists, all other",192236,180602,171195,171530,161743,162977,77439,77740,72973,74592,71414,72361,0.179528399713,0.0644178912747,0.0701759234947,-0.00387188062773,0.155782316969,0.358152314454,-0.0864480067308,-0.314747041152,-0.0457758242325,0.0133927518615
16,HD01_VD492,Aircraft pilots and flight engineers,102512,96406,86766,88969,90687,84235,102155,100744,99152,100595,100158,92578,0.216976316258,0.0633363068689,0.10344790339,0.0140057968713,0.220439150926,0.351421330509,0.220309301659,-0.14238493527,-0.0650473877356,0.116947492018
288,HD01_VD46,Market research analysts and marketing specialists,237008,223163,230827,230432,198931,212757,70985,67036,66945,67154,65105,65047,0.113984498747,0.0620398542769,0.0912878380248,0.0589086461006,0.0426155105733,0.343353165386,0.108197280285,0.290532016818,-0.0361593733258,0.149707719947
228,HD01_VD203,"Healthcare support workers, all other, including medical equipment preparers",104670,98693,88357,94391,87383,88404,30124,30366,28572,28604,28783,27765,0.183996199267,0.0605615393189,0.0849630830182,-0.00796943950471,0.163496331541,0.334153222974,0.0498850058667,-0.354252389487,-0.0645838770356,0.0257396587719
137,HD01_VD94,Drafters,132332,124921,124795,124267,128117,130446,52899,51609,51324,51609,50810,50565,0.0144580899376,0.059325493712,0.0461584099674,0.0249956402953,-0.12922482348,0.326460986391,-0.307882012977,-0.0364297542358,-0.058642434505,-0.0411436077614
60,HD01_VD342,Carpenters,863456,815108,785306,677720,662186,641794,36344,35859,34967,34496,34204,33782,0.345378735233,0.0593148392606,0.07583920431,0.0135251959062,0.442136234482,0.32639468094,-0.0342343186653,-0.147018501036,0.0983936159897,0.137134342342
27,HD01_VD143,Artists and related workers,121771,115100,114321,116825,108437,102385,45124,48915,46646,49197,47556,47220,0.189344142208,0.0579582971329,-0.0443879711986,-0.0775017888173,0.172729984323,0.317952562847,-1.14269149106,-1.02462705953,-0.060910801744,-0.347509361032
266,HD01_VD139,Librarians,115076,108825,114109,111952,112350,111448,51429,50871,49697,48892,49099,47766,0.0325532983993,0.057440845394,0.0766863459364,0.0109689213894,-0.0979819935216,0.314732324715,-0.0264239362962,-0.171664032255,-0.062348801807,-0.00873728783303
64,HD01_VD222,Chefs and head cooks,346683,328344,317690,303612,280455,265603,31461,30443,30912,30267,29560,30590,0.305267636284,0.0558530078211,0.0284733573063,0.033439542752,0.372881202325,0.304850794293,-0.470932699175,0.0449795233052,-0.0126025911137,0.0478352459269
206,HD01_VD424,"Food processing workers, all other",113094,107115,103888,95533,92040,94611,31967,31329,30222,31292,30621,31400,0.195357833656,0.0558185128133,0.0180573248408,0.0203645184972,0.183113105341,0.304636122796,-0.566965279542,-0.081079284677,-0.0627745099661,-0.0446139692095
470,HD01_VD136,Special education teachers,178054,168678,172214,165928,147306,149658,48840,48795,46416,47264,46804,46787,0.189739272207,0.0555851978326,0.0438797101759,0.000922225637873,0.173412207984,0.303184142367,-0.328890916471,-0.268526146307,-0.0488219357924,-0.0339285296436
79,HD01_VD227,"Combined food preparation and serving workers, including fast food",141425,134080,127802,114984,126055,121983,20518,20333,19301,19623,18602,17813,0.159382864825,0.0547807279236,0.151855386515,0.00909850981164,0.120999433852,0.298177714749,0.666611243309,-0.189697027784,-0.0566893748227,0.167880397861
76,HD01_VD124,Clergy,347581,329537,334788,339774,322726,333174,45502,44518,43671,44422,41887,41919,0.043241669518,0.0547556116612,0.085474367232,0.0221034188418,-0.0795276628017,0.298021409649,0.0545988873297,-0.064314214084,-0.0124097122405,0.0392737415705
378,HD01_VD53,Personal financial advisors,327459,310815,312232,283136,291220,296187,91150,87023,83154,82142,82212,80013,0.105581946541,0.0535495391149,0.139189881644,0.0474242441653,0.0281078296935,0.290515703297,0.549839226856,0.179808702647,-0.0167316595545,0.206307960588
97,HD01_VD361,Construction and building inspectors,74917,71140,67847,67510,66990,69378,56109,52118,51884,52318,52045,50917,0.0798379889879,0.0530924936744,0.101969872538,0.0765762308607,-0.0163411795555,0.287671389432,0.206682316812,0.460868578448,-0.0709744395262,0.173581333122
397,HD01_VD313,Postal service mail carriers,281178,267230,252571,251980,260147,271521,56755,56356,55921,55923,55738,54602,0.0355663097882,0.0521947386147,0.0394307900809,0.00707999148272,-0.0927797874964,0.282084423809,-0.369908576312,-0.20915794881,-0.0266722242918,-0.0832868226201
189,HD01_VD236,"First-line supervisors of landscaping, lawn service, and groundskeeping workers",128673,122309,113497,112776,116380,130253,40635,39862,40065,38990,36989,37243,-0.0121302388429,0.052032148084,0.0910775179228,0.0193919020621,-0.175131707434,0.281072580216,0.106258194345,-0.0904564656326,-0.0594283407381,0.0124628521514
269,HD01_VD188,Licensed practical and licensed vocational nurses,602316,572705,588550,442709,462923,454645,38946,38441,37020,40031,39092,39106,0.32480506769,0.0517037567334,-0.00409144376822,0.0131370151661,0.406614145967,0.279028914556,-0.771170038745,-0.150761025747,0.0423040959819,-0.0387967815974
94,HD01_VD61,Computer systems analysts,448325,426775,473960,441538,422065,400787,80219,77420,76506,75886,75683,76004,0.118611631615,0.0504949915061,0.0554576074943,0.0361534487213,0.0506046269009,0.271506450943,-0.222146303453,0.0711448094868,0.00922880580987,0.0360676779375
40,HD01_VD251,Barbers,68864,65578,69049,68648,67662,67906,25416,24353,25380,21874,24046,24310,0.0141077371661,0.0501082680167,0.0454956807898,0.0436496530202,-0.129829735664,0.269099769057,-0.313992169912,0.143417147947,-0.0722745462299,-0.0207159069605
256,HD01_VD237,Janitors and building cleaners,1553626,1480257,1532714,1519858,1493669,1470662,27742,27319,26883,26845,26421,26361,0.0564126903395,0.0495650417461,0.0523879974204,0.0154837292727,-0.0567868380815,0.265719129242,-0.250447153809,-0.128135906498,0.24663327297,0.0153965007644
284,HD01_VD43,Management analysts,630863,601323,587570,589692,558436,522824,83080,81491,80535,80220,79884,77702,0.206645066026,0.0491250126804,0.0692131476667,0.0194990857886,0.202601418084,0.262980712748,-0.0953245004804,-0.0894230868385,0.0484356251527,0.0658540337331
93,HD01_VD66,Computer support specialists,553718,528080,470915,458736,449413,429700,58027,56777,52551,52063,54970,53562,0.288615313009,0.0485494622027,0.0833613382622,0.0220159571658,0.344129629465,0.259398910899,0.0351174172944,-0.0651574488202,0.0318658693857,0.121070875645
412,HD01_VD315,"Production, planning, and expediting clerks",283387,270331,264366,267453,247460,246087,48582,46053,44413,44865,44793,42804,0.151572411383,0.0482963478106,0.134987384357,0.0549149892515,0.107514059018,0.257823713531,0.511093508671,0.252028407794,-0.0261977594465,0.220452385913
518,HD01_VD468,Water and wastewater treatment plant and system operators,78358,74759,77537,80472,76453,76390,48818,50262,46654,45638,45586,45291,0.0257625343631,0.0481413609064,0.0778741913404,-0.028729457642,-0.109706792742,0.256859189303,-0.0154723710433,-0.554403692389,-0.0702353568949,-0.0985918047533
389,HD01_VD167,Physician assistants,76018,72551,75160,100572,88805,89293,101940,97462,94513,81522,80591,78054,-0.148667868702,0.0477870739204,0.306018909985,0.045946112331,-0.410874885615,0.2546543683,2.08795099108,0.165557751104,-0.0707379588587,0.405310053201
230,HD01_VD396,"Heating, air conditioning, and refrigeration mechanics and installers",328423,313922,285439,279902,274784,265778,45440,43178,43023,41810,41990,41970,0.235704234361,0.0461930033575,0.0826781034072,0.0523877900783,0.252774404869,0.244734048344,0.0288182043897,0.227663197519,-0.0165246047284,0.147493050079
357,HD01_VD303,Order clerks,97111,92853,85608,85033,90911,92278,32234,31859,31715,31732,31032,32071,0.0523743470816,0.0458574305623,0.00508247326245,0.0117706142691,-0.0637593618844,0.242645690667,-0.68658937644,-0.163934757967,-0.0662074532083,-0.147569051766
360,HD01_VD192,Other healthcare practitioners and technical occupations,105941,101327,76705,72636,65067,76467,57179,57131,51767,55942,53410,53890,0.385447317143,0.0455357407206,0.0610317313045,0.000840174336175,0.511317857559,0.240643730259,-0.17075461525,-0.26931721859,-0.0643108825502,0.0495157742856
377,HD01_VD260,"Personal care and service workers, all other",73763,70671,46143,48690,45272,45183,26185,25498,25728,25529,22349,23269,0.632538786712,0.0437520340734,0.125316945292,0.0269432896698,0.937941114443,0.229543255123,0.421935067611,-0.0176520943455,-0.0712223039135,0.300109007784
358,HD01_VD142,"Other education, training, and library workers, except teacher assistants",74463,71350,77839,88624,81624,74612,52790,56213,52058,51516,50911,52069,-0.00199699780196,0.0436299929923,0.0138470106973,-0.0608933876505,-0.157635853355,0.228783761409,-0.605783066707,-0.86450228937,-0.0710719528987,-0.294041880184
181,HD01_VD208,Firefighters,265198,254678,278058,256196,262997,259942,67598,65336,65037,62189,62369,62342,0.0202198952074,0.0413070622512,0.0843091334895,0.0346210358761,-0.119276604167,0.214327553055,0.0438557945637,0.0563705243432,-0.0301045231725,0.0330345489246
419,HD01_VD35,"Purchasing agents, except wholesale, retail, and farm products",253717,243673,251774,220927,225703,223658,54740,52118,52529,54632,51642,51292,0.13439715995,0.0412191748778,0.067222958746,0.0503089143866,0.0778596087162,0.213780606838,-0.113673423461,0.207620359622,-0.0325704946025,0.0706033314226
410,HD01_VD146,Producers and directors,121999,117179,109665,117967,107490,103680,68571,62387,63063,63715,60246,61208,0.176687885802,0.0411336502274,0.120294732715,0.0991232147723,0.150877941688,0.213248364467,0.375631829353,0.678248359938,-0.0608618302706,0.271428933035
105,HD01_VD38,Cost estimators,122804,117961,115808,105744,107791,95303,63106,62038,61037,57333,59137,61282,0.28856384374,0.0410559422182,0.0297640416435,0.0172152551662,0.344040763641,0.212764767108,-0.459032990936,-0.111441934397,-0.0606889266036,-0.0148716642377
376,HD01_VD257,Personal care aides,692735,665649,629543,576620,549901,492119,22578,22104,21825,21898,21103,21223,0.407657497475,0.040691114987,0.0638458276398,0.021444082519,0.549665516771,0.21049435139,-0.144809522109,-0.0706710015969,0.0617249365639,0.121280856204
431,HD01_VD178,Registered nurses,2317493,2227835,2183447,2061647,2058961,1965534,65331,62636,62280,62265,61773,61635,0.179065332882,0.0402444525739,0.0599659284497,0.0430263746089,0.154982794913,0.207714653832,-0.180580986149,0.137408001651,0.410702099575,0.146045312764
68,HD01_VD104,Chemists and materials scientists,77023,74050,75390,71161,73652,73137,70594,67342,68111,69780,68827,66667,0.0531331610539,0.0401485482782,0.0589047054765,0.0482908140536,-0.0624492086493,0.207117816201,-0.190365131966,0.188163468575,-0.0705220977588,0.0143889692805
390,HD01_VD166,Physicians and surgeons,743383,715361,686827,737546,742281,718437,201542,200203,194521,182232,175537,170728,0.034722599198,0.039171830726,0.180485919123,0.00668821146536,-0.0942365215572,0.201039446241,0.93057585101,-0.212935174842,0.0726034768463,0.17940941554
231,HD01_VD392,Heavy vehicle and mobile equipment service technicians and mechanics,185817,178864,179975,178705,180231,171515,51142,51251,50234,50242,47374,46770,0.0833862927441,0.0388731102961,0.0934787256789,-0.00212678776999,-0.0102147482888,0.199180430516,0.128396583177,-0.297922267356,-0.0471545430383,-0.00554290899795
407,HD01_VD217,Private detectives and investigators,70181,67589,74485,68657,63165,65773,56272,51899,51775,50892,52269,51890,0.0670183814027,0.038349435559,0.0844478704953,0.0842598123278,-0.0384752611145,0.195921465032,0.0451349066158,0.534947456,-0.0719916715349,0.133107379
37,HD01_VD254,"Baggage porters, bellhops, and concierges",60412,58186,58485,59390,52006,51852,31604,31802,30649,31416,31066,31201,0.165085242614,0.0382566253051,0.0129162526842,-0.00622602352053,0.130845046848,0.195343882435,-0.61436436616,-0.337443782749,-0.0740899273401,-0.139941829393
295,HD01_VD25,Medical and health services managers,606615,584635,564606,546042,512535,523875,71739,70550,71440,69563,69341,67834,0.157938439513,0.0375961069727,0.0575670017985,0.0168532955351,0.118505517603,0.191233303302,-0.202698343905,-0.114931656385,0.0432274659999,0.00706725732278
117,HD01_VD295,Customer service representatives,1782634,1718122,1669991,1589129,1563088,1491623,33442,32317,32332,31913,31824,31894,0.1950968844,0.0375479738924,0.0485357747539,0.034811399573,0.182662555505,0.190933758496,-0.28596344891,0.0582058571308,0.295821251824,0.0883319948092
44,HD01_VD98,Biological scientists,65111,62763,57529,60924,65611,65795,61171,61141,62045,57426,56791,55812,-0.0103959267422,0.037410576295,0.0960187773239,0.000490669109108,-0.172137278374,0.190078697145,0.151815069491,-0.272686865288,-0.0730806424564,-0.0352022038964
353,HD01_VD347,"Operating engineers and other construction equipment operators, including pile-driver operators",269313,259652,254237,247830,255033,222770,46503,45527,45048,42200,42230,41668,0.208928491269,0.0372074931062,0.116036286839,0.021437828102,0.206543935063,0.188814857101,0.336370282582,-0.0707313016266,-0.0292206739927,0.126355419825
124,HD01_VD184,Dental hygienists,71498,68943,62115,61825,60859,54540,56632,59700,57014,52043,54242,52567,0.310927759443,0.0370595999594,0.0773298837674,-0.0513902847571,0.382653859311,0.18789447919,-0.0204907176092,-0.772881057965,-0.0717087968399,-0.0589064467828
297,HD01_VD189,Medical records and health information technicians,148302,143058,128111,90186,88172,84387,38273,37102,35805,31530,31295,30621,0.757403391518,0.0366564610158,0.249893863688,0.0315616408819,1.15352987785,0.185385639619,1.57049551684,0.0268743124357,-0.0552122834958,0.576214612649
197,HD01_VD261,First-line supervisors of retail sales workers,2677578,2584676,2548184,2563806,2525343,2441074,40573,39844,38807,38265,38893,38262,0.0968852234713,0.0359433832326,0.0603993518373,0.0182963557876,0.0130922392059,0.180947969212,-0.176584957293,-0.101018836667,0.488043735525,0.0808960299968
155,HD01_VD134,Elementary and middle school teachers,2398445,2316620,2315762,2282888,2271307,2171211,50659,50192,49832,48874,49478,49325,0.104657723271,0.0353208553841,0.0270451089711,0.00930427159707,0.0265120840281,0.177073814842,-0.484100704698,-0.187713239082,0.428089550076,-0.00802769896682
250,HD01_VD475,"Inspectors, testers, sorters, samplers, and weighers",666282,643756,651046,623203,619090,570089,41029,41090,40334,38673,38977,37856,0.168733303046,0.0349915185257,0.083817624683,-0.00148454611828,0.137143716023,0.175024265038,0.0393242362076,-0.291730292835,0.0560431717145,0.0231610192297
347,HD01_VD193,"Nursing, psychiatric, and home health aides",1256050,1214020,1204676,1397113,1393373,1305639,26056,25743,25613,25909,25658,25243,-0.0379806363015,0.0346205169602,0.032206948461,0.0121586450686,-0.219764493724,0.172715424815,-0.436510149725,-0.160193678862,0.182717767854,-0.0922070259284
127,HD01_VD144,Designers,628865,608355,574431,552419,534418,501591,51768,51545,50005,50461,49795,48687,0.253740597419,0.0337138677253,0.0632817795305,0.00432631681055,0.283915633515,0.167073108404,-0.150009870281,-0.235706652658,0.048006480399,0.0226557398758
247,HD01_VD517,Industrial truck and tractor operators,501490,485176,446646,428059,408342,393061,32303,31800,31579,31000,31161,30602,0.275857945713,0.0336249113724,0.0555846023136,0.0158176100629,0.322103010762,0.166519509646,-0.22097545071,-0.124916897982,0.0206479653841,0.0326756274201
182,HD01_VD339,First-line supervisors of construction trades and extraction workers,670638,648913,608875,601644,636680,616433,59536,57174,57855,55843,54380,53592,0.0879333195984,0.0334790642197,0.110912076429,0.0413124846958,-0.0023639414232,0.165611864494,0.289126656029,0.120884061409,0.0569787846009,0.126047485022
135,HD01_VD310,Dispatchers,246262,238287,244363,235227,238707,221588,38780,39323,37688,36730,37161,36919,0.111350795169,0.0334680448367,0.0504076491779,-0.0138087124584,0.0380682099317,0.165543287978,-0.268705348797,-0.410549936144,-0.0341717329101,-0.101963103988
134,HD01_VD232,Dishwashers,110513,106946,108067,102959,97644,100336,19808,18589,17764,17307,17462,17041,0.101429197895,0.0333532810951,0.16237310017,0.0655764161601,0.0209377758052,0.16482908306,0.763581292621,0.354817262429,-0.0633288756364,0.248167307656
280,HD01_VD238,Maids and housekeeping cleaners,790133,764870,757647,737561,722626,699169,21476,20720,20477,20422,20381,19924,0.130103022302,0.0330291422072,0.0778960048183,0.0364864864865,0.0704454353664,0.162811881593,-0.0152712575604,0.0743556902377,0.0826447767635,0.07499730528
426,HD01_VD274,Real estate brokers and sales agents,576380,558162,534320,513527,490104,463553,57486,53278,52124,50914,46988,42903,0.243396116517,0.0326392696027,0.339906300259,0.0789819437667,0.26605505686,0.160385601936,2.40038219179,0.484062516398,0.0367333760963,0.669523748616
196,HD01_VD207,"First-line supervisors of protective service workers, all other",66575,64548,67352,73041,74823,76921,49305,49384,50683,47876,44088,46101,-0.134501631544,0.0314029869245,0.0694995770157,-0.00159970840758,-0.386415740002,0.152691889995,-0.0926837109509,-0.292840594478,-0.0727661940483,-0.138402869897
224,HD01_VD252,"Hairdressers, hairstylists, and cosmetologists",447533,433958,425183,434564,419652,386503,26146,25292,24776,24855,23141,23451,0.157903043443,0.0312818291171,0.114920472475,0.0337656175866,0.118444403447,0.151937893125,0.326082821117,0.0481232731107,0.00905869437598,0.130729417035
35,HD01_VD390,Automotive service technicians and mechanics,726437,704917,708988,681551,664005,659739,36634,36456,35783,35491,35624,35494,0.101097555245,0.0305284168207,0.0321181044684,0.00488259820057,0.0203651681486,0.147249210445,-0.43732926371,-0.23034343745,0.0689636935651,-0.0862189258001
145,HD01_VD19,Education administrators,747962,725830,722529,708239,685008,696078,70748,70002,68868,66889,66755,65416,0.0745376236571,0.0304919884822,0.0815091109209,0.010656838376,-0.0254926857731,0.147022507323,0.0180404571752,-0.174672884238,0.0735869872703,0.00769687635151
428,HD01_VD258,Recreation and fitness workers,184743,179318,173857,163532,159470,154469,31582,31955,31005,31044,31241,31090,0.195987544426,0.0302535160999,0.0158250241235,-0.0116726646847,0.184200351536,0.145538431029,-0.587546398,-0.389955891277,-0.0473852244524,-0.139029746233
289,HD01_VD06,Marketing and sales managers,843840,819708,760335,754514,718997,678121,82357,80734,80973,78455,79228,77476,0.24437969035,0.0294397517165,0.0630001548867,0.0201030544752,0.267753276036,0.140474161454,-0.152606361923,-0.0836001092895,0.0941803509806,0.0532402634518
388,HD01_VD171,Physical therapists,162536,157932,154006,136392,143468,137915,77605,75836,74449,72260,72129,71974,0.178523003299,0.029151786845,0.0782365854336,0.0233266522496,0.154046419355,0.138682080396,-0.012131210194,-0.0525207869925,-0.0521550030034,0.0351842999123
255,HD01_VD299,"Interviewers, except eligibility and loan",85914,83520,84111,84440,82259,87989,31905,31550,32072,31180,30872,30778,-0.0235824932662,0.0286637931034,0.0366170641367,0.0112519809826,-0.194904943998,0.135645167122,-0.395850254562,-0.168935000614,-0.0686124250837,-0.138531491427
489,HD01_VD141,Teacher assistants,421376,410201,411405,371321,373734,375595,22682,22150,21634,21125,20555,20397,0.121889269026,0.0272427419728,0.112026278374,0.0240180586907,0.0562637309966,0.126801592554,0.29939925149,-0.0458548053389,0.00344050652715,0.0880100552457
227,HD01_VD187,Health practitioner support technologists and technicians,440607,429026,431165,350939,350257,351560,32466,31830,34036,31788,31378,30956,0.253291045625,0.0269937020134,0.0487789120041,0.0199811498586,0.283139446256,0.125251751451,-0.283721799068,-0.0847754149985,0.0075710784781,0.00949301242373
475,HD01_VD317,Stock clerks and order fillers,905020,881379,829783,814645,823536,788556,27212,27118,26605,26489,26280,26436,0.147692744713,0.026822740274,0.029353911333,0.00346633232539,0.100815503082,0.124187811627,-0.462814264865,-0.243997927456,0.107321029674,-0.0748975695877
86,HD01_VD09,Computer and information systems managers,564747,550033,501450,489048,486503,478816,103513,101338,100247,99167,96158,94327,0.179465598476,0.0267511222054,0.0973846300635,0.0214628273698,0.155673885593,0.123742113568,0.164407807025,-0.0704902789075,0.0342347570174,0.0815136568592
365,HD01_VD521,"Packers and packagers, hand",292614,285020,274739,273503,278361,263294,23676,22713,22107,21661,22029,22319,0.111358405433,0.0266437442986,0.0608002150634,0.0423986263373,0.0380813496622,0.12307387264,-0.172889123001,0.131355760578,-0.0242159182842,0.0190811883191
69,HD01_VD02,Chief executives,1068258,1040875,1013853,1024259,937218,912102,130266,126200,122136,120254,120139,110242,0.171204536335,0.0263076738321,0.181636762758,0.0322187004754,0.141410498669,0.120982417824,0.941186271463,0.0332091495665,0.142382456752,0.275834158855
73,HD01_VD36,"Claims adjusters, appraisers, examiners, and investigators",271129,264364,267839,257730,255186,253389,52582,51638,51001,51134,50706,50038,0.0700109318084,0.0255897172081,0.050841360566,0.0182811108099,-0.0333083826192,0.11651438511,-0.264706664666,-0.101165816411,-0.0288306205028,-0.0622994198178
396,HD01_VD312,Postal service clerks,97883,95566,90764,94064,93788,98843,55378,55021,54650,53357,53149,53207,-0.00971237214573,0.0242450243811,0.0408029018738,0.00648843168972,-0.170957066493,0.108146008328,-0.357258132253,-0.214861289844,-0.0660416375177,-0.140194423556
364,HD01_VD478,Packaging and filling machine operators and tenders,204703,199896,204716,198721,179300,180014,27178,25736,25327,25434,25414,24958,0.137150443854,0.0240475047024,0.0889494350509,0.0560304631644,0.0826133743911,0.10691679147,0.0866379320138,0.262782904998,-0.0430980726589,0.0991705860428
252,HD01_VD324,Insurance claims and policy processing clerks,325075,317490,298694,289881,280089,240499,37301,36838,36111,36090,36313,34444,0.351668821908,0.0238905162367,0.0829462315643,0.012568543352,0.452996574047,0.105939810999,0.031290262621,-0.156241771164,-0.0172437121535,0.0833482328699
1,HD01_VD48,Accountants and auditors,1628824,1590845,1562860,1651199,1702856,1659984,63740,61630,60970,61270,60780,60528,-0.0187712652652,0.0238734760457,0.0530663494581,0.0342365730975,-0.186597972644,0.105833765413,-0.244192958962,0.0526638452094,0.262784838128,-0.00190169657115
43,HD01_VD284,Billing and posting clerks,396298,387079,375964,386492,387454,365241,35026,34158,33078,32487,32248,31809,0.0850315271287,0.0238168435901,0.101134898928,0.025411323848,-0.00737411905661,0.105481326761,0.198984119774,-0.032422069651,-0.00194592597172,0.0525446663711
195,HD01_VD413,First-line supervisors of production and operating workers,836803,817787,816079,802370,795984,769815,52520,52183,51771,51796,51105,51250,0.0870183095939,0.0232529986415,0.0247804878049,0.00645804189104,-0.00394377964626,0.101972371495,-0.504979807645,-0.215154283702,0.0926688937075,-0.105887321158
479,HD01_VD491,Supervisors of transportation and material moving workers,196226,191955,180426,185456,170914,188834,51318,50083,50717,50107,48804,48968,0.0391454928668,0.0222500065119,0.0479905244241,0.0246590659505,-0.0866000406009,0.0957304879364,-0.290990487399,-0.0396747318261,-0.0449188234482,-0.0732907190676
336,HD01_VD149,"Musicians, singers, and related workers",66779,65350,64044,60370,60505,59458,41300,42428,43538,42746,40489,40490,0.123128931346,0.0218668706963,0.0200049394912,-0.0265862166494,0.058404107503,0.0933461330861,-0.549008878094,-0.533740296324,-0.0727223774669,-0.200744262259
245,HD01_VD86,"Industrial engineers, including health and safety",183615,179731,160051,172367,150747,152886,79761,76826,78029,75131,76067,74570,0.200992896668,0.0216100728311,0.0696124446828,0.0382032124541,0.192842493973,0.0917480124973,-0.091643106157,0.0909069734243,-0.0476275043734,0.0472453738729
285,HD01_VD31,"Managers, all other",3758629,3681343,3571939,3034121,2862997,2714481,78843,76680,75766,75912,75240,72384,0.384658430101,0.0209939687772,0.0892324270557,0.0282081377152,0.509955780755,0.0879138350881,0.0892470302992,-0.00545745257846,0.720239613958,0.280379761504
375,HD01_VD287,Payroll and timekeeping clerks,131052,128515,124952,138447,132181,138598,41313,41274,40093,39268,38601,38235,-0.0544452300899,0.0197408862779,0.0805021577089,0.000944904782672,-0.248191936556,0.0801155734468,0.00875666168264,-0.268307492337,-0.0589173620749,-0.0973089111677
140,HD01_VD497,Driver/sales workers and truck drivers,2695081,2644153,2569929,2472147,2443322,2249122,42200,41834,40913,40588,40425,39329,0.198281373798,0.0192606101084,0.072999567749,0.00874886455993,0.188160832078,0.0771266886514,-0.0604148847455,-0.193068024487,0.491803155257,0.100721553351
175,HD01_VD52,Financial analysts,194932,191432,180971,65367,56911,65097,82415,80779,78843,84140,87396,83453,1.99448515293,0.0182832546283,-0.0124381388326,0.0202527884723,3.28945084268,0.0710443486977,-0.848123971754,-0.0821564952039,-0.0451967580384,0.477003593277
0,HD01_VD01,Total,106609098,104780810,102196022,99776510,98316240,95882175,45860,44819,43545,42498,42229,42008,0.111876091672,0.017448691225,0.0916968196534,0.0232267565095,0.0389751765102,0.0658506413573,0.111967963723,-0.0534839009165,22.8112001669,4.59490200951
218,HD01_VD03,General and operations managers,834005,820262,761445,977284,905340,866286,70686,69820,67100,73557,72439,72059,-0.037263675045,0.0167544028615,-0.0190538308886,0.0124033228301,-0.218526602563,0.0615299024464,-0.909118595297,-0.157834693795,0.0920679192226,-0.226376413997
417,HD01_VD153,Public relations specialists,103540,101879,98358,97408,101805,99566,65386,62272,64970,63966,61651,61586,0.0399132233895,0.016303654335,0.0617023349463,0.0500064234327,-0.0852744922256,0.0587247759317,-0.164571858204,0.204703986518,-0.064826586531,-0.0102488349022
296,HD01_VD198,Medical assistants,382920,376800,371596,330718,307361,303160,30549,30085,29161,28760,28364,28321,0.263095395171,0.0162420382166,0.078669538505,0.0154229682566,0.300067442767,0.0583413226367,-0.0081395175069,-0.128721715068,-0.00481934865175,0.0433456368355
102,HD01_VD224,Cooks,1201892,1182829,1158633,1111982,1122652,1069341,21756,21062,20695,20319,20098,19839,0.123955782113,0.0161164462488,0.0966278542265,0.0329503371,0.0598317317241,0.0575597308218,0.157430569135,0.0402629981079,0.171085324626,0.097234070883
468,HD01_VD120,Social workers,704192,693187,662207,627085,643964,626537,44669,42350,42403,41940,41629,41458,0.123943198885,0.0158759468946,0.0774518790101,0.0547579693034,0.0598100057721,0.0560630401492,-0.0193659594071,0.250514548462,0.0641857531019,0.0822414776155
70,HD01_VD256,Childcare workers,551286,542799,538900,536474,536255,546758,21395,21100,20642,20056,19289,19098,0.00828154320559,0.0156356220258,0.12027437428,0.013981042654,-0.13988912722,0.0545674353456,0.375444130916,-0.14262359541,0.0313435070028,0.0357684701269
25,HD01_VD20,Architectural and engineering managers,144812,142692,139986,132575,136156,128711,130293,126098,124703,121336,121659,115927,0.125094203293,0.0148571748942,0.123922813495,0.0332677758569,0.0617973072755,0.0497229543078,0.409081605959,0.0433234858378,-0.0559618906982,0.101592692536
53,HD01_VD391,Bus and truck mechanics and diesel engine specialists,274372,270500,244443,259470,266191,248562,45320,44669,44796,42775,41564,41787,0.103837271988,0.014314232902,0.0845478258789,0.0145738655443,0.0250955090298,0.0463440836323,0.0460564641703,-0.136908076613,-0.02813406573,-0.00950921710216
381,HD01_VD165,Pharmacists,214665,211639,210328,205734,197448,189581,120878,120111,116276,116468,114113,114224,0.132312837257,0.0142979318557,0.0582539571369,0.00638575983882,0.0742608582733,0.0462426379376,-0.1963648293,-0.215851168783,-0.0409583629311,-0.0665341729608
62,HD01_VD263,Cashiers,1019364,1005103,964264,1042284,1081936,1059014,21000,20671,20251,20562,20217,20204,-0.0374404870946,0.0141885955967,0.0393981389824,0.0159160176092,-0.21883188276,0.0455622096698,-0.370209609287,-0.123968132019,0.131880653155,-0.107113352248
263,HD01_VD127,Lawyers,891088,879090,861223,852860,841077,840813,122073,120930,120885,120617,119731,113537,0.0597933190852,0.0136482043932,0.0751825396126,0.00945174894567,-0.0509499111801,0.0421992132223,-0.0402885629787,-0.186291381775,0.104328614905,-0.0262004055613
152,HD01_VD349,Electricians,647922,639345,591640,583544,572720,503202,51278,50185,49809,49969,49226,48029,0.287598220993,0.0134152922131,0.0676466301609,0.0217794161602,0.342373538454,0.040749739528,-0.10976730476,-0.0674379858668,0.0520996793834,0.0516035333478
130,HD01_VD185,Diagnostic related technologists and technicians,263276,259914,243730,237127,238743,227661,58828,56328,55288,55482,54792,55080,0.156438740056,0.0129350477466,0.0680464778504,0.0443829001562,0.115916166106,0.037761052028,-0.1060808334,0.150486523737,-0.0305173441017,0.0335131128739
123,HD01_VD197,Dental assistants,167955,165817,160356,147438,143719,152314,31226,31502,31154,30308,30523,30525,0.102689181559,0.012893732247,0.0229647829648,-0.00876134848581,0.0231132387434,0.0375039348186,-0.52172004166,-0.361887335338,-0.0509910713617,-0.17479625496
192,HD01_VD279,First-line supervisors of office and administrative support workers,1187429,1172641,1146803,1126495,1160309,1167639,50070,47727,47166,46725,46320,45708,0.0169487315857,0.0126108502091,0.0954318718824,0.0490917090955,-0.124924530744,0.035743485569,0.146403983824,0.195885050756,0.167978857873,0.0842173694556
338,HD01_VD68,Network and computer systems administrators,192293,190100,183110,195372,191910,206623,73483,70574,69647,67246,67154,66889,-0.0693533633719,0.0115360336665,0.0985812315926,0.0412191458611,-0.273932025382,0.0290546198159,0.175440101029,0.119984163862,-0.0457635813642,0.000956655592249
282,HD01_VD399,"Maintenance and repair workers, general",438171,433396,455450,449977,420798,428258,44573,42367,42330,41557,41055,41042,0.0231472616974,0.0110176374494,0.0860338190147,0.0520688271532,-0.114222270934,0.0258285039477,0.0597568587987,0.224588014992,0.00704785694658,0.0405997927502
395,HD01_VD214,Police and sheriff's patrol officers,669550,662619,679836,623338,641208,616625,62852,62358,60535,61313,61340,61424,0.085830123657,0.0104600079382,0.0232482417296,0.00792199878123,-0.00599527804501,0.0223582289823,-0.519106639992,-0.201039995505,0.0567450961665,-0.129407717679
5,HD01_VD08,Administrative services managers,136431,135020,122275,109703,109139,101624,64208,61901,64620,62187,61636,62166,0.342507675352,0.0104503036587,0.032847537239,0.0372691878968,0.43717911913,0.0222978367013,-0.430604120389,0.081901864139,-0.0577620219197,0.0106025355324
122,HD01_VD67,Database administrators,99602,98628,102296,101323,96211,89224,81082,76971,77455,75824,75673,74960,0.116313996234,0.00987549174677,0.0816702241195,0.0534097257409,0.0466375749791,0.018720631141,0.0195258707672,0.237515874573,-0.0656724183828,0.0513455066156
522,HD01_VD34,"Wholesale and retail buyers, except farm products",139871,138703,136489,170412,159186,151995,41625,42479,42159,42170,42980,43244,-0.0797657817691,0.00842087049307,-0.0374387198224,-0.0201040514136,-0.291909901577,0.00966814087657,-1.07862155431,-0.471244502294,-0.0570231540756,-0.377826194276
465,HD01_VD29,Social and community service managers,296269,293821,281769,279952,269933,262717,56610,55506,53263,55473,52597,52869,0.127711567961,0.00833160325504,0.0707598025308,0.0198897416496,0.066316397478,0.00911260739932,-0.0810648235809,-0.0856566990138,-0.0234308711998,-0.0229446777834
109,HD01_VD309,Couriers and messengers,141348,140185,146362,151599,144187,188429,37585,36487,39451,37808,36946,38788,-0.249860690233,0.00829618004779,-0.0310147468289,0.0300929098035,-0.585592415,0.00889215947314,-1.01939452091,0.0127139953777,-0.0567059134343,-0.328017338898
162,HD01_VD95,"Engineering technicians, except drafters",319240,316833,344546,371566,345041,337710,55953,55024,52925,54623,53338,53796,-0.0546918954132,0.00759706217471,0.0400959179121,0.0168835417272,-0.248617824037,0.00454136525527,-0.363776304536,-0.114640047066,-0.0184969952555,-0.148197961128
98,HD01_VD345,Construction laborers,1180144,1171574,1113361,986693,918521,827756,32162,31609,31395,31027,31210,30771,0.425714824175,0.00731494553481,0.0452049007182,0.0174950172419,0.580842940827,0.00278567927884,-0.316673071751,-0.108744694752,0.166414133384,0.0649249973973
260,HD01_VD519,"Laborers and freight, stock, and material movers, hand",1340831,1331155,1333857,1211599,1175741,1142248,30729,30536,30256,29722,29031,29229,0.173852788536,0.00726887552539,0.0513188956174,0.00632040869793,0.145982918677,0.00249897350529,-0.260303939986,-0.216481231624,0.200927638406,-0.0254751282044
370,HD01_VD130,Paralegals and legal assistants,318793,316583,306773,307815,301632,292578,47223,48453,46642,46562,45998,46041,0.0896000382804,0.00698079176709,0.0256727699225,-0.0253854250511,0.000513782173097,0.00070615258319,-0.496753243985,-0.522163235007,-0.0185930051178,-0.207257909871
362,HD01_VD137,Other teachers and instructors,356475,354049,362242,359794,359094,365063,45426,43893,45216,43740,44060,42262,-0.0235247066945,0.00685215888196,0.0748663101604,0.0349258423894,-0.194805170843,-9.43636593176e-05,-0.0432041001935,0.0593092221988,-0.0104993952038,-0.0378587615402
48,HD01_VD285,"Bookkeeping, accounting, and auditing clerks",829531,824256,821268,874662,891464,896679,39329,37498,37260,36798,36228,35971,-0.0748852153335,0.00639971076947,0.0933529787885,0.0488292708944,-0.28348321185,-0.00291006714439,0.12723723595,0.193354833897,0.0911069614509,0.0250611504609
420,HD01_VD15,Purchasing managers,181255,180237,174227,175540,172103,170775,76501,71940,74537,71237,70798,70608,0.0613672961499,0.00564811886572,0.0834607976433,0.0634000556019,-0.0482323134307,-0.00758742104271,0.0360344018605,0.333834554301,-0.0481344020805,0.0531829639216
457,HD01_VD358,Sheet metal workers,97860,97369,102627,96747,86453,93585,41644,41647,40254,41924,41253,40183,0.0456803974996,0.00504267271924,0.0363586591345,-7.2034000048e-05,-0.0753170031785,-0.0113552714936,-0.39823266833,-0.278111993517,-0.0660465776225,-0.165812702828
74,HD01_VD518,Cleaners of vehicles and equipment,225496,224675,217057,197864,199448,185732,25839,24242,24655,23751,23313,23082,0.214093424935,0.0036541671303,0.119443722381,0.0658774028545,0.215461607639,-0.0199963066043,0.367785778707,0.357719132681,-0.0386320031578,0.176467641853
351,HD01_VD326,"Office clerks, general",841347,838480,798828,729066,746429,771615,34654,33678,32573,32439,32885,32665,0.0903714935557,0.00341928251121,0.0608908617787,0.0289803432508,0.00184576163268,-0.021458055305,-0.172053388474,0.00198752858861,0.0936448865807,-0.0192066533953
315,HD01_VD191,Miscellaneous health technologists and technicians,97277,96956,97285,90586,94223,89290,41207,40495,40935,41660,40965,40511,0.0894501063949,0.0033107801477,0.0171805188714,0.0175824175824,0.000254912737364,-0.0221332940222,-0.575049157928,-0.107902051364,-0.0661717985391,-0.154200277823
446,HD01_VD271,"Sales representatives, services, all other",534512,532756,529277,497043,495667,449401,66475,61800,60973,60174,60192,56555,0.189387651563,0.0032960679936,0.175404473521,0.0756472491909,0.172805106716,-0.0222248516227,0.883726502689,0.451912088605,0.0277406671138,0.3027919027
525,HD01_VD156,Writers and authors,132235,131816,126601,121198,125403,108771,55464,56930,58150,53964,54179,55502,0.215719263407,0.00317867330218,-0.000684660012252,-0.0257509221851,0.218268748271,-0.022955429633,-0.739760551887,-0.525687062737,-0.0586632688599,-0.225759512969
87,HD01_VD425,Computer control programmers and operators,84907,84644,73475,72368,70745,60015,44235,42704,44477,41755,41047,42272,0.414762975923,0.00310713104296,0.0464373580621,0.0358514424878,0.561933695686,-0.0234006559099,-0.305310198285,0.0682331096652,-0.0688287157578,0.0465254470796
524,HD01_VD322,Word processors and typists,198318,197811,194758,217182,199429,191227,34645,35048,33942,32507,33389,32373,0.0370815836676,0.00256305261083,0.0701819417416,-0.0114985163205,-0.0901635455086,-0.02678659895,-0.0863925203661,-0.388276893611,-0.0444694887011,-0.127217809427
400,HD01_VD132,Postsecondary teachers,881345,879141,848073,836986,822255,819042,67145,65629,65698,65463,61839,62072,0.0760681381419,0.00250699262121,0.0817276710916,0.0230995444087,-0.0228501296568,-0.0271354749952,0.0200555139863,-0.0547103770954,0.102235943567,0.00351909516107
447,HD01_VD272,"Sales representatives, wholesale and manufacturing",1182664,1180434,1177413,1129716,1152620,1138385,65716,62997,61920,61355,61287,60854,0.0388963312061,0.00188913569077,0.0798961448713,0.0431607854342,-0.087030238209,-0.0309805610156,0.0031694117657,0.138703882109,0.166955397037,0.0381635783374
517,HD01_VD229,Waiters and waitresses,734635,733624,701881,680777,687379,673621,22252,21647,21238,20980,20477,20379,0.0905761548408,0.00137809013882,0.0919083370136,0.0279484455121,0.00219912577002,-0.034160931763,0.113918088011,-0.00796119474575,0.0707245187356,0.0289439212016
38,HD01_VD210,"Bailiffs, correctional officers, and jailers",375720,376460,396206,387955,389786,390151,44807,43558,43548,42043,41879,41574,-0.0369882430136,-0.00196568028476,0.0777649492471,0.02867441113,-0.218051047051,-0.0549700936867,-0.0164795491738,-0.000962021463453,-0.00636581623258,-0.0593657055215
404,HD01_VD133,Preschool and kindergarten teachers,339677,340735,332062,316025,316050,325393,25124,24938,24489,24347,23950,24635,0.0438976867972,-0.00310505231338,0.0198498071849,0.00745849707274,-0.0783949963091,-0.0620607051916,-0.550439149719,-0.20550870407,-0.0141073899847,-0.182102189055
253,HD01_VD268,Insurance sales agents,442385,443784,435197,429706,424842,442158,51364,50612,50441,50238,50034,49954,0.000513391140723,-0.00315243451769,0.0282259678905,0.0148581364103,-0.15330146533,-0.0623555770987,-0.473213552661,-0.134167366859,0.00795297005569,-0.163016998379
77,HD01_VD183,Clinical laboratory technologists and technicians,245278,246437,240655,245751,262125,262118,48170,47531,46116,45326,46202,44180,-0.0642458739957,-0.00470302754862,0.0903123585333,0.0134438576929,-0.265113534982,-0.0720053249495,0.0992036627073,-0.147802698297,-0.0343830834795,-0.0840201958003
414,HD01_VD28,"Property, real estate, and community association managers",459115,461757,436425,414232,403914,407875,51957,52153,50395,47936,50102,47364,0.125626723874,-0.0057216241443,0.0969723840892,-0.0037581730677,0.0627167468056,-0.0783443192013,0.160607027334,-0.313650764832,0.0115463593095,-0.0314249901169
163,HD01_VD93,"Engineers, all other",471817,474766,446166,439749,410551,385561,93058,92062,90963,90913,87513,86132,0.223715572892,-0.00621148102434,0.0804114614777,0.0108187960288,0.232075018483,-0.081392827276,0.00792047063408,-0.173111419552,0.0142745858666,-4.68343687747e-05
437,HD01_VD266,Retail salespersons,1716984,1728842,1706417,1668480,1721110,1708060,32480,31949,31567,31615,31852,31796,0.00522464082058,-0.00685892637962,0.0215121398918,0.0166202385051,-0.145167114573,-0.0854220498386,-0.535112959079,-0.117178603758,0.281720474507,-0.120232050548
415,HD01_VD109,Psychologists,121887,122868,115413,115139,115742,115287,72789,71416,70415,66764,69494,68328,0.0572484321736,-0.0079841781424,0.0652880224798,0.0192253836675,-0.0553438627177,-0.092424787219,-0.131512934149,-0.092061901303,-0.060885886433,-0.0864458743642
178,HD01_VD10,Financial managers,1067163,1075868,1015563,990611,976247,964121,76178,75203,72464,70456,67791,66634,0.106876626482,-0.00809114129243,0.14323018279,0.0129649083148,0.030343198539,-0.0930904470062,0.587089547046,-0.152420340797,0.142147264807,0.102813844518
208,HD01_VD21,Food service managers,792807,799339,775402,740359,743178,734730,38380,36830,36471,36586,36021,35935,0.079045363603,-0.00817175191002,0.0680395157924,0.0420852565843,-0.0177097109086,-0.09359210806,-0.10614502141,0.128334502892,0.08321911764,-0.00117864396925
191,HD01_VD262,First-line supervisors of non-retail sales workers,1074798,1083898,1073544,1030338,961185,974635,65016,62028,61010,60403,57612,56696,0.102769754831,-0.00839562394247,0.146747565966,0.0481717933836,0.0232523549656,-0.0949853225405,0.619518726167,0.187015967546,0.143787164804,0.175717778189
367,HD01_VD479,Painting workers,126596,127684,111570,101860,116772,111046,36898,33484,36655,32285,35432,31839,0.140032058786,-0.00852103630839,0.158893181319,0.101959144666,0.087588713886,-0.0957657966457,0.731497522923,0.7055901021,-0.0598744536777,0.273807217717
144,HD01_VD154,Editors,125387,126515,121275,117721,117623,102538,55140,54548,53892,52746,51927,52262,0.22283446137,-0.00891593882148,0.0550686923577,0.0108528268681,0.230553708711,-0.0982233787456,-0.225731980075,-0.172783321725,-0.060134131359,-0.0652638206388
460,HD01_VD316,"Shipping, receiving, and traffic clerks",475270,479565,463500,445945,432927,421487,31175,30934,30729,30682,30107,29744,0.127602986569,-0.00895603307164,0.0481105433029,0.00779078037111,0.0661289229887,-0.0984728957991,-0.289883950658,-0.202305097278,0.0150162459439,-0.10190335496
205,HD01_VD225,Food preparation workers,347692,351007,312134,302338,290644,287727,20506,20038,19113,19063,18586,18314,0.208409360262,-0.00944425609746,0.119689854756,0.0233556243138,0.205647613706,-0.10151123597,0.370055042666,-0.0522414617838,-0.0123858708653,0.0819128175508
341,HD01_VD244,Nonfarm animal caretakers,120981,122243,106483,103783,101786,88387,25210,25207,23806,24547,24743,23451,0.368764637334,-0.0103236995165,0.0750074623683,0.000119014559448,0.482513871706,-0.106984243441,-0.0419027207292,-0.276270057839,-0.0610804836036,-0.000744726781359
151,HD01_VD415,"Electrical, electronics, and electromechanical assemblers",105464,106600,105081,116834,113274,116195,31438,30522,29466,30144,29705,28031,-0.0923533714876,-0.0106566604128,0.121544004852,0.0300111395059,-0.313643385664,-0.109056346584,0.387149729984,0.0119256323094,-0.0644133360274,-0.0176075411963
456,HD01_VD450,Sewing machine operators,129635,131070,131301,134443,134551,128183,23027,21839,21046,20788,20838,20308,0.011327555136,-0.0109483482109,0.133888122907,0.0543980951509,-0.134629943111,-0.110871596393,0.500958659934,0.247044932971,-0.0592217154863,0.0886560675829
449,HD01_VD135,Secondary school teachers,536264,542418,535253,541598,499477,515084,52671,51915,51547,50810,51080,51332,0.0411195067212,-0.0113454936967,0.0260850931193,0.0145622652413,-0.0831917472219,-0.113343137101,-0.492951752326,-0.137019917353,0.0281169742251,-0.159677915955
519,HD01_VD65,Web developers,138048,139635,145465,136446,129224,120959,63173,61543,61023,60056,57306,56901,0.141279276449,-0.0113653453647,0.110226533804,0.0264855466909,0.0897421352979,-0.113466679247,0.282806166203,-0.0220652818969,-0.0574147110755,0.0359203258562
277,HD01_VD42,Logisticians,117328,118827,100957,97563,86126,90369,52260,51414,51574,52109,53034,50615,0.298321327004,-0.0126149780774,0.0325002469624,0.0164546621543,0.360887841754,-0.12124347196,-0.433806028746,-0.118774957004,-0.0618651011137,-0.074960343414
298,HD01_VD100,Medical scientists,116550,118091,114987,112826,111409,111051,74534,75438,71874,71375,75544,71835,0.0495177891239,-0.0130492586226,0.0375722141018,-0.011983350566,-0.0686914385018,-0.1239461139,-0.387044068898,-0.392951273242,-0.0620322055273,-0.206933020014
211,HD01_VD45,Fundraisers,68581,69606,70528,63985,67564,63647,66048,60257,60078,60802,60318,58739,0.0775213285779,-0.0147257420337,0.124431808509,0.0961050168445,-0.0203410797176,-0.134379310665,0.413774381712,0.649149336822,-0.0723353309973,0.167173599431
472,HD01_VD467,Stationary engineers and boiler operators,80093,81300,72810,81858,86835,72261,60018,56459,56372,55732,56704,52085,0.108384882578,-0.0148462484625,0.152308726121,0.0630368940293,0.0329473237619,-0.135129253834,0.670790893499,0.330333244166,-0.0698627011653,0.165815901285
55,HD01_VD47,"Business operations specialists, all other",236553,240307,234988,211970,191149,188173,61811,61388,57650,56945,55816,52494,0.2571038353,-0.0156216839293,0.17748695089,0.00689059751091,0.289722533693,-0.13995499249,0.902926296458,-0.210983932293,-0.0362571014854,0.161090560776
33,HD01_VD388,Automotive body and related repairers,119554,121541,120366,113922,121305,126702,40841,40400,38069,38943,37152,35876,-0.0564158418967,-0.0163483927234,0.138393354889,0.0109158415842,-0.251594356027,-0.14447749226,0.542495497861,-0.172175784803,-0.0613869848866,-0.0174278240229
471,HD01_VD175,Speech-language pathologists,87443,88903,85021,77904,75636,73121,63532,61989,62054,60695,61558,60847,0.195867124356,-0.0164223929451,0.044127072822,0.0248915130104,0.183992436617,-0.144938015083,-0.326610309793,-0.0374336652925,-0.0682840155099,-0.0786547138123
141,HD01_VD348,"Drywall installers, ceiling tile installers, and tapers",97916,99710,94066,87974,64582,58994,31344,30805,28979,29120,27867,28245,0.659762009696,-0.0179921773142,0.109718534254,0.017497159552,0.984944194204,-0.154707195673,0.278122568315,-0.108724040331,-0.0660345495413,0.186720195395
354,HD01_VD73,Operations research analysts,126989,129326,122903,123636,118370,128285,81092,77057,77416,77172,75351,76581,-0.0101025061387,-0.0180706122512,0.058904950314,0.052363834564,-0.171630664149,-0.155195316895,-0.190362874639,0.227432237827,-0.0597900423222,-0.0699093320356
422,HD01_VD379,Radio and telecommunications equipment installers and repairers,138322,140980,138077,142862,130364,141423,52338,53181,54815,52061,53793,55915,-0.0219271264222,-0.0188537381189,-0.0639721005097,-0.0158515259209,-0.192046820261,-0.160068914936,-1.32325107344,-0.430245091197,-0.0573558593926,-0.432593551845
246,HD01_VD14,Industrial production managers,220263,224674,222929,218198,196606,197564,76077,73812,74546,72414,72312,70769,0.114894413962,-0.0196328903211,0.0750045924063,0.0306860673061,0.0441865522327,-0.164917783814,-0.0419291808869,0.0184327402359,-0.039755984387,-0.0367967313238
320,HD01_VD158,"Miscellaneous media and communications equipment workers, including broadcast and sound engineering technicians and radio operators",70806,72286,68024,68484,62705,61983,52335,51473,51725,50514,48960,50558,0.142345481826,-0.0204742273746,0.0351477510977,0.0167466438715,0.0915830244677,-0.170153645359,-0.409396863885,-0.115959905459,-0.0718574295574,-0.135156963959
106,HD01_VD119,Counselors,536072,547839,499447,482328,483074,472277,45356,44100,43086,42349,41863,42008,0.135079624881,-0.0214789381552,0.0796991049324,0.0284807256236,0.0790379392038,-0.176406224535,0.00135276480016,-0.00282938045148,0.0280757350897,-0.0141538331786
254,HD01_VD54,Insurance underwriters,98194,100406,99576,94336,94950,96615,61197,61257,59253,58402,56468,56473,0.0163432179268,-0.0220305559429,0.0836505940892,-0.000979479896175,-0.125969998683,-0.179839086966,0.0377842660726,-0.28686085285,-0.0659748387097,-0.124172102227
147,HD01_VD84,Electrical and electronics engineers,186214,190417,189028,180122,194563,196827,96538,92880,92224,91895,91260,89673,-0.053920447906,-0.0220726090633,0.0765559309937,0.0393841515935,-0.24728585799,-0.180100794584,-0.0276263215143,0.10229263339,-0.0470692725342,-0.0799579226465
408,HD01_VD121,Probation officers and correctional treatment specialists,81680,83528,85020,83568,85982,79939,48545,48528,47695,45909,45180,46039,0.0217791065688,-0.0221243175941,0.0544321119051,0.000350313221233,-0.116584500589,-0.180422590358,-0.231601053898,-0.27404006323,-0.0695218339361,-0.174434008402
15,HD01_VD387,Aircraft mechanics and service technicians,135682,138813,131138,141341,160670,142772,61530,57438,60063,55948,55153,54866,-0.0496595971199,-0.0225555243385,0.121459556009,0.0712420348898,-0.239929157078,-0.183106103228,0.386371137916,0.409440575521,-0.0579228975056,0.062970711125
190,HD01_VD377,"First-line supervisors of mechanics, installers, and repairers",245683,251388,247081,243639,251201,248573,60447,58657,56080,56777,55813,55252,-0.0116263632816,-0.0226940028959,0.0940237457468,0.0305163919055,-0.17426172583,-0.183967891676,0.133421498724,0.0167968672667,-0.0342960946781,-0.0484614692386
202,HD01_VD422,Food batchmakers,63244,64716,54655,56485,57507,59159,27101,27198,27119,27131,26743,25051,0.0690512010007,-0.0227455343346,0.0818330605565,-0.00356643870873,-0.0349654348988,-0.184288585359,0.0210271720801,-0.31180221723,-0.0734816500916,-0.1167021431
56,HD01_VD420,"Butchers and other meat, poultry, and fish processing workers",202694,207420,190986,203134,208924,204008,29474,28372,28251,26999,26828,27048,-0.00644092388534,-0.0227846880725,0.0896923986986,0.0388411109545,-0.165308648463,-0.184532249358,0.0934878258142,0.0970570747931,-0.0435295800714,-0.040565115457
311,HD01_VD418,Miscellaneous assemblers and fabricators,811317,830300,796167,766770,698668,667751,31485,31459,30860,30561,30912,30598,0.214999303633,-0.0228628206672,0.0289888227989,0.000826472551575,0.217025679928,-0.185018489024,-0.466180267623,-0.269449320114,0.0871948280457,-0.123285513757
119,HD01_VD429,"Cutting, punching, and press machine setters, operators, and tenders, metal and plastic",73711,75548,67361,75234,70926,73053,32249,33733,32109,31664,31491,31988,0.0090071591858,-0.0243156668608,0.00815930974115,-0.0439925295705,-0.138636292983,-0.194059932623,-0.658221900878,-0.701557886214,-0.071233472846,-0.352741897109
244,HD01_VD398,Industrial and refractory machinery mechanics,350416,359501,320231,332142,344690,323928,51050,50598,49975,50350,48803,47156,0.0817712578104,-0.0252711397187,0.0825769785393,0.00893315941342,-0.0130032357449,-0.200006091268,0.0278858645536,-0.191291202578,-0.0118007906305,-0.0776430911337
125,HD01_VD162,Dentists,93294,95713,103211,97562,101614,99643,150132,150649,150041,141557,140543,144534,-0.0637174713728,-0.0252734738228,0.0387313711653,-0.00343181833268,-0.264201205438,-0.200020617012,-0.376357001223,-0.310504316453,-0.0670272958133,-0.243622087188
23,HD01_VD49,Appraisers and assessors of real estate,73690,75621,69205,75414,73784,73146,60533,55113,52387,55227,50877,53345,0.00743718043365,-0.0255352349215,0.134745524417,0.0983434035527,-0.141346987325,-0.201649625107,0.508863635232,0.670730050918,-0.0712379833765,0.153071818068
312,HD01_VD123,"Miscellaneous community and social service specialists, including health educators and community health workers",63963,65726,72471,68388,66884,73735,45512,44030,40924,41900,40293,38959,-0.132528649895,-0.0268234792928,0.168202469263,0.033658868953,-0.383009228808,-0.209666708317,0.817326262955,0.0470940891304,-0.0733272181207,0.039683439368
427,HD01_VD305,Receptionists and information clerks,654662,673178,643687,657793,640902,644924,28555,27482,27125,27345,26994,26862,0.015099453579,-0.0275053551958,0.0630258357531,0.0390437377192,-0.128117457669,-0.213910201224,-0.15236959232,0.0990106381621,0.0535473448688,-0.0683678536365
176,HD01_VD290,"Financial clerks, all other",102650,105595,94393,95267,81226,73976,55627,50192,46241,50176,44735,43138,0.387612198551,-0.027889578105,0.289512726598,0.108284188715,0.51505569909,-0.216301321343,1.935769113,0.766571060739,-0.0650177471069,0.587215360876
92,HD01_VD63,Computer programmers,370512,381192,374346,374314,400585,385867,85795,83138,81928,80512,79869,77196,-0.0397935039794,-0.0280173770698,0.111391781958,0.031958911689,-0.222894555294,-0.21709664788,0.293549391831,0.0307044762208,-0.00748442778271,-0.024644352581
450,HD01_VD319,Secretaries and administrative assistants,2226591,2292625,2267963,2402826,2442050,2374801,37122,36663,36141,35814,35442,35133,-0.0624094397804,-0.0288027915599,0.0566134403552,0.0125194337616,-0.261942783894,-0.22198448862,-0.211489883893,-0.156715246112,0.391177516793,-0.0921909771453
316,HD01_VD131,Miscellaneous legal support workers,126357,130165,129802,148521,158187,156663,50997,51139,50929,46748,46397,47052,-0.193447080676,-0.0292551761226,0.0838434072941,-0.00277674573222,-0.488189789633,-0.224799796618,0.0395619438642,-0.304188636302,-0.0599257878099,-0.2075084133
54,HD01_VD496,Bus drivers,280228,288778,267775,275991,271162,261662,35222,32398,32414,32725,32245,31836,0.070954131666,-0.0296075185783,0.106357582611,0.0871658744367,-0.0316798723519,-0.226992516298,0.247135639287,0.562965356253,-0.0268762720976,0.104910466958
303,HD01_VD445,"Metal workers and plastic workers, all other",326498,336630,327533,317561,311630,294663,35076,33848,33543,32471,32462,33144,0.108038674689,-0.0300983275406,0.0582910934106,0.0362798392815,0.0323495680505,-0.230046949431,-0.196022444405,0.0723633650361,-0.0169380700191,-0.0676589061537
406,HD01_VD447,"Printing workers, except prepress technicians and workers",157832,162921,161075,169498,177911,169784,37214,35323,36032,34992,35568,34975,-0.0703953258258,-0.0312359978149,0.0640171551108,0.0535345242477,-0.275731057199,-0.237126970471,-0.143229936102,0.238719080831,-0.0531653618229,-0.094106848953
150,HD01_VD402,Electrical power-line installers and repairers,106191,109620,99261,99444,101212,100716,70012,72202,70579,70022,66429,64449,0.0543607768378,-0.0312807881773,0.0863163121228,-0.0303315697626,-0.0603296314545,-0.237405712666,0.0623613574114,-0.56984996157,-0.0642571857592,-0.173896226808
279,HD01_VD434,Machinists,297165,306776,325737,330090,325833,311380,46666,45930,45348,45163,43598,43094,-0.0456516153896,-0.0313290479047,0.0828885691744,0.0160243849336,-0.233009054889,-0.237706045629,0.0307586333166,-0.122923341931,-0.0232384219008,-0.117223646207
383,HD01_VD202,Phlebotomists,82446,85128,71105,75727,72755,70203,31121,30497,30387,31062,29933,30263,0.174394256656,-0.0315054976036,0.0283514522684,0.0204610289537,0.14691780685,-0.238804138468,-0.472056625717,-0.0801488089197,-0.0693573069684,-0.142689814645
366,HD01_VD352,"Painters, construction and maintenance",359202,371450,365280,326717,315992,280199,30778,29982,30317,30027,30561,28235,0.281953183273,-0.0329734822991,0.0900655215158,0.0265492628911,0.33262692769,-0.247939792942,0.096927902163,-0.0214509818327,-0.00991367060758,0.0300500768941
275,HD01_VD24,Lodging managers,107568,111620,99057,96419,96682,91959,45875,42869,43446,41824,42433,40816,0.169738687894,-0.0363017380398,0.123946491572,0.0701205999673,0.138879593668,-0.268652402917,0.409299910468,0.398628607084,-0.0639614238344,0.122838856894
317,HD01_VD118,"Miscellaneous life, physical, and social science technicians",127222,132230,134477,100831,104123,100733,42673,42427,42097,44561,43096,42329,0.262962484985,-0.0378734024049,0.00812681613079,0.00579819454593,0.299837962662,-0.278433283217,-0.658521481861,-0.221515998078,-0.059739996913,-0.183674559482
451,HD01_VD269,"Securities, commodities, and financial services sales agents",199539,207926,212151,226082,234359,233455,91885,81122,81020,76524,76058,70421,-0.145278533336,-0.040336465858,0.304795444541,0.132676709154,-0.405022926036,-0.293761574258,2.07667102012,1.00174401264,-0.0442072335738,0.46708465978
453,HD01_VD218,Security guards and gaming surveillance officers,647922,675504,672682,668775,669863,650321,30422,30369,30461,30421,30710,30801,-0.00368894745826,-0.0408317345271,-0.0123047952989,0.00174520069808,-0.160557140254,-0.296843761318,-0.846894585837,-0.260591686449,0.0520996793834,-0.302557498895
207,HD01_VD230,"Food servers, nonrestaurant",76030,79506,82495,69554,61929,81656,24489,23071,23645,23025,22353,21359,-0.0688987949446,-0.0437199708198,0.146542441126,0.0614624420268,-0.273147176503,-0.314818014653,0.617627538925,0.315153651471,-0.0707353814127,0.0548161235654
361,HD01_VD412,"Other installation, maintenance, and repair workers, including wind turbine service technicians",204755,214334,183416,168658,165291,158038,40529,40593,38808,36654,37108,36849,0.295606120047,-0.0446919294186,0.0998670248853,-0.00157662651196,0.356199818986,-0.320866768396,0.187294715358,-0.292618057511,-0.0430869037264,-0.0226154390576
129,HD01_VD211,Detectives and criminal investigators,112869,118191,122800,117375,119075,115400,76604,76843,74362,71169,70910,70042,-0.0219324090121,-0.0450288093002,0.0936866451558,-0.00311023775751,-0.192055941077,-0.322963260415,0.1303135361,-0.307403896661,-0.062822837078,-0.150986479826
491,HD01_VD403,Telecommunications line installers and repairers,125604,131790,114904,118663,129254,131992,50164,47745,50352,48906,48560,50234,-0.0483968725377,-0.0469383109492,-0.00139347852052,0.0506649910985,-0.237748961725,-0.334846590899,-0.74629563812,0.211053363262,-0.0600875225444,-0.233585070005
262,HD01_VD448,Laundry and dry-cleaning workers,116109,121900,123108,111926,122353,127809,22823,22331,21818,21137,21506,21556,-0.0915428490951,-0.0475061525841,0.0587771386157,0.022032152613,-0.312243953691,-0.338380418594,-0.191541258754,-0.0650013054181,-0.0621269266666,-0.193858772625
121,HD01_VD321,Data entry keyers,218791,229754,236645,235336,253191,253756,32441,32124,31421,31745,31446,31145,-0.137789845363,-0.0477162530359,0.0416118157008,0.00986801145561,-0.392093105114,-0.339687928909,-0.349800198308,-0.182278115353,-0.0400721510924,-0.260786299755
188,HD01_VD235,First-line supervisors of housekeeping and janitorial workers,173482,182574,175328,182546,184914,197332,36399,34676,36071,35629,36030,34569,-0.120862303124,-0.0497989856168,0.0529376030548,0.0496885453916,-0.36286634462,-0.352649321,-0.245379960766,0.201639263565,-0.0498039427062,-0.161812061105
495,HD01_VD289,Tellers,211343,222682,228539,233474,243968,246775,26405,26514,25876,25260,25165,24486,-0.143580184378,-0.0509201462175,0.0783713142204,-0.00411103567926,-0.402090590229,-0.359626598003,-0.0108890526754,-0.317052780716,-0.0416718858899,-0.226266181503
373,HD01_VD265,Parts salespersons,92199,97449,84821,82536,89426,87372,35832,35291,35264,33375,32671,32896,0.0552465320698,-0.0538743342672,0.0892509727626,0.0153296874557,-0.0588003039447,-0.378011286451,0.0894180159502,-0.129621053099,-0.0672624877579,-0.10885542306
172,HD01_VD17,"Farmers, ranchers, and other agricultural managers",451680,478065,476355,499775,499022,483188,41404,41566,41416,40638,39443,36452,-0.0652085730606,-0.055191239685,0.13584988478,-0.00389741615744,-0.266775712196,-0.386206734884,0.519045494372,-0.314993234075,0.0099494167451,-0.0877961540077
310,HD01_VD335,Miscellaneous agricultural workers,470635,498973,479993,451767,426577,441587,25442,24083,23645,23324,22450,22228,0.0657809219927,-0.0567926521074,0.144592405974,0.0564298467799,-0.0406118341199,-0.396172745161,0.599648821214,0.266633438772,0.0140207074388,0.0887036776288
411,HD01_VD490,"Production workers, all other",953539,1012384,942025,881828,860757,815976,35030,33905,32296,32491,32258,31972,0.168587066286,-0.0581251777981,0.0956461904166,0.033180946763,0.136891226519,-0.404465402656,0.148379934066,0.0424863499475,0.117742288085,0.00820687919204
110,HD01_VD293,"Court, municipal, and license clerks",62021,66156,59598,70610,65360,69945,38317,37256,36682,36977,37339,36887,-0.113289012796,-0.0625037789467,0.0387670453005,0.0284786343139,-0.349790450941,-0.431714588084,-0.376028096789,-0.00284954316751,-0.0737443347932,-0.246825402755
430,HD01_VD523,Refuse and recyclable material collectors,65170,69740,66445,73441,71974,63732,32367,30661,30571,29333,28794,30424,0.0225632335405,-0.0655291081159,0.0638640546937,0.0556407162193,-0.115230642429,-0.450542006411,-0.14464147434,0.259025280204,-0.0730679700138,-0.104891362598
217,HD01_VD245,Gaming services workers,61881,66483,66084,64709,64227,65417,39726,40077,38759,36477,35938,35779,-0.0540532277543,-0.0692207030369,0.110316107214,-0.00875814057938,-0.247515113056,-0.473515771573,0.283632005184,-0.361856407299,-0.0737744049962,-0.174605938348
42,HD01_VD283,Bill and account collectors,123438,132795,141345,142343,155232,168620,35448,35374,33001,33453,32586,32471,-0.267951607164,-0.0704619902858,0.0916818083829,0.0020919319274,-0.616827835286,-0.481240628272,0.111829564477,-0.257248784393,-0.0605527515416,-0.260808087003
521,HD01_VD440,"Welding, soldering, and brazing workers",475547,514255,507586,488957,474719,429885,40394,40548,39371,38137,37368,37188,0.10621910511,-0.0752700508503,0.0862106055717,-0.00379796784058,0.0292079351092,-0.511162452486,0.0613867758809,-0.314034433844,0.0150757419884,-0.14390528667
174,HD01_VD297,File clerks,137412,148742,164174,189148,204351,200724,34159,32320,31981,32442,32110,32247,-0.315418186166,-0.0761721638811,0.0592923372717,0.0568997524752,-0.698782694198,-0.516776538908,-0.186791287352,0.271163889399,-0.0575513157118,-0.237747589354
350,HD01_VD330,"Office and administrative support workers, all other",449803,487520,471807,428493,429326,399672,41080,39843,39222,38662,38052,38004,0.125430352889,-0.0773650311782,0.0809388485423,0.0310468589213,0.0623776965379,-0.524200065524,0.012782815373,0.0219112011586,0.00954626123827,-0.0835164182433
236,HD01_VD365,Highway maintenance workers,84345,91845,83359,80392,81796,89248,39354,40128,38267,37416,36358,36989,-0.0549368053066,-0.0816593173281,0.063937927492,-0.019288277512,-0.249040680627,-0.550924536562,-0.143960390111,-0.463379470182,-0.068949426144,-0.295250900725
95,HD01_VD378,"Computer, automated teller, and office machine repairers",145593,158624,155340,176644,201758,200084,43661,42617,42483,42430,43165,42943,-0.272340616941,-0.0821502420819,0.0167198379247,0.0244972663491,-0.624405812983,-0.553979690295,-0.579296493004,-0.0412346727095,-0.0557941419231,-0.370942162183
444,HD01_VD278,"Sales and related workers, all other",178931,195098,187100,186390,159891,165866,54472,52342,51804,51489,51909,50217,0.07876840341,-0.0828660468072,0.084732261983,0.0406938978258,-0.0181879049141,-0.558434331179,0.0477569076983,0.114920147159,-0.0486335674496,-0.0925157497371
89,HD01_VD69,Computer network architects,92872,103813,97510,91709,92702,87369,98374,95506,92623,96372,90886,91112,0.062985727203,-0.105391424966,0.0797041004478,0.0300295269407,-0.0454379623018,-0.698615678019,0.0013988218988,0.0121029090827,-0.0671179359965,-0.159533969067
505,HD01_VD41,Training and development specialists,111303,124732,104051,105954,90873,93107,58739,56712,54215,52417,56855,53615,0.195431063185,-0.107662829106,0.0955702695141,0.0357419946396,0.183239542003,-0.712751222792,0.147679966953,0.0671779020406,-0.0631591937768,-0.0755626011146
132,HD01_VD231,Dining room and cafeteria attendants and bartender helpers,91150,103325,106948,86785,92473,94822,21276,20922,20330,19562,19792,19351,-0.0387251903567,-0.117832083233,0.0994780631492,0.0169199885288,-0.221050026068,-0.776037163202,0.183708609102,-0.114288656485,-0.067487799493,-0.199031007229
116,HD01_VD471,"Crushing, grinding, polishing, mixing, and blending workers",66068,76006,77424,70478,75023,70694,37087,36668,36940,36849,34294,35487,-0.0654369536311,-0.130752835302,0.0450869332432,0.0114268572052,-0.267170029584,-0.856446398269,-0.317760695188,-0.167248985526,-0.0728750911405,-0.336300239942
